date,股票代码,open,close,high,low,volume,amount,amplitude,pct_chg,rfs,change,pivot
2020-01-02,600489,8.45,8.51,8.53,8.42,372027,315636160.0,1.3,0.35,0.03,1.08,8.486666666666666
2020-01-03,600489,8.55,8.8,8.83,8.51,768650,669708560.0,3.76,3.41,0.29,2.23,8.713333333333333
2020-01-06,600489,9.16,9.4,9.48,9.04,1539260,1420242240.0,5.0,6.82,0.6,4.46,9.306666666666667
2020-01-07,600489,9.13,9.12,9.16,9.02,729417,663555280.0,1.49,-2.98,-0.28,2.11,9.1
2020-01-08,600489,9.51,9.52,9.63,9.15,1637008,1546382736.0,5.26,4.39,0.4,4.74,9.433333333333334
2020-01-09,600489,9.0,8.9,9.06,8.86,1075776,962112832.0,2.1,-6.51,-0.62,3.12,8.94
2020-01-10,600489,8.82,8.76,8.82,8.7,525145,459389328.0,1.35,-1.57,-0.14,1.52,8.76
2020-01-13,600489,8.76,8.73,8.76,8.63,321551,279280080.0,1.48,-0.34,-0.03,0.93,8.706666666666667
2020-01-14,600489,8.61,8.73,8.78,8.58,306930,267489819.0,2.29,0.0,0.0,0.89,8.696666666666667
2020-01-15,600489,8.73,8.69,8.76,8.64,215273,187376794.0,1.37,-0.46,-0.04,0.62,8.696666666666665
2020-01-16,600489,8.7,8.59,8.75,8.59,265158,229560390.0,1.84,-1.15,-0.1,0.77,8.643333333333333
2020-01-17,600489,8.58,8.64,8.65,8.55,233556,200787099.0,1.16,0.58,0.05,0.68,8.613333333333335
2020-01-20,600489,8.63,8.57,8.63,8.49,255128,217857018.0,1.62,-0.81,-0.07,0.74,8.563333333333334
2020-01-21,600489,8.59,8.42,8.67,8.33,463833,395701520.0,3.97,-1.75,-0.15,1.34,8.473333333333334
2020-01-22,600489,8.3,8.21,8.31,8.08,390475,319210064.0,2.73,-2.49,-0.21,1.13,8.200000000000001
2020-01-23,600489,8.2,8.11,8.3,8.04,328856,268483728.0,3.17,-1.22,-0.1,0.95,8.15
2020-02-03,600489,7.5,7.55,8.05,7.34,746597,569270656.0,8.75,-6.91,-0.56,2.16,7.646666666666667
2020-02-04,600489,7.5,7.63,7.65,7.42,367499,278968176.0,3.05,1.06,0.08,1.06,7.566666666666666
2020-02-05,600489,7.53,7.75,7.9,7.5,488687,377233520.0,5.24,1.57,0.12,1.42,7.716666666666666
2020-02-06,600489,7.7,7.8,7.82,7.66,358425,277837616.0,2.06,0.65,0.05,1.04,7.760000000000001
2020-02-07,600489,7.81,7.84,7.98,7.79,365881,288029536.0,2.44,0.51,0.04,1.06,7.87
2020-02-10,600489,7.82,7.98,8.06,7.72,385257,303922128.0,4.34,1.79,0.14,1.12,7.920000000000001
2020-02-11,600489,7.9,7.89,8.03,7.86,303552,240543373.0,2.13,-1.13,-0.09,0.88,7.926666666666667
2020-02-12,600489,7.85,7.91,7.91,7.77,286231,225212956.0,1.77,0.25,0.02,0.83,7.863333333333333
2020-02-13,600489,7.89,8.09,8.15,7.87,602348,482938336.0,3.54,2.28,0.18,1.75,8.036666666666667
2020-02-14,600489,8.02,8.0,8.08,7.97,355484,284947760.0,1.36,-1.11,-0.09,1.03,8.016666666666667
2020-02-17,600489,8.04,8.12,8.14,8.0,441643,357097264.0,1.75,1.5,0.12,1.28,8.086666666666666
2020-02-18,600489,8.13,8.3,8.34,8.11,577446,476679936.0,2.83,2.22,0.18,1.67,8.25
2020-02-19,600489,8.5,8.41,8.57,8.36,691090,584279376.0,2.53,1.33,0.11,2.0,8.446666666666667
2020-02-20,600489,8.42,8.41,8.44,8.31,461377,387033968.0,1.55,0.0,0.0,1.34,8.386666666666667
2020-02-21,600489,8.5,8.78,8.85,8.47,911554,791250864.0,4.52,4.4,0.37,2.64,8.700000000000001
2020-02-24,600489,9.11,8.93,9.18,8.9,1069452,964221872.0,3.19,1.71,0.15,3.1,9.003333333333332
2020-02-25,600489,8.78,8.8,9.09,8.61,1094315,966181184.0,5.38,-1.46,-0.13,3.17,8.833333333333334
2020-02-26,600489,8.71,8.5,8.76,8.47,709858,607545952.0,3.3,-3.41,-0.3,2.06,8.576666666666666
2020-02-27,600489,8.48,8.57,8.61,8.42,486734,415319824.0,2.24,0.82,0.07,1.41,8.533333333333333
2020-02-28,600489,8.39,8.11,8.46,8.03,640847,528166640.0,5.02,-5.37,-0.46,1.86,8.200000000000001
2020-03-02,600489,8.0,8.23,8.24,7.96,449371,364840496.0,3.45,1.48,0.12,1.3,8.143333333333333
2020-03-03,600489,8.22,8.26,8.39,8.19,475339,393746080.0,2.43,0.36,0.03,1.38,8.28
2020-03-04,600489,8.47,8.45,8.58,8.39,624282,529784496.0,2.3,2.3,0.19,1.81,8.473333333333333
2020-03-05,600489,8.38,8.49,8.5,8.37,435286,367229664.0,1.54,0.47,0.04,1.26,8.453333333333333
2020-03-06,600489,8.63,8.59,8.69,8.57,571183,492519856.0,1.41,1.18,0.1,1.66,8.616666666666665
2020-03-09,600489,8.78,8.23,8.78,8.2,790856,669344960.0,6.75,-4.19,-0.36,2.29,8.403333333333332
2020-03-10,600489,8.02,8.2,8.22,7.91,530579,427898768.0,3.77,-0.36,-0.03,1.54,8.110000000000001
2020-03-11,600489,8.16,8.26,8.29,8.13,363880,298998592.0,1.95,0.73,0.06,1.05,8.226666666666667
2020-03-12,600489,8.09,7.98,8.12,7.91,411284,328856016.0,2.54,-3.39,-0.28,1.19,8.003333333333334
2020-03-13,600489,7.45,7.73,7.76,7.35,515555,389877376.0,5.14,-3.13,-0.25,1.49,7.613333333333333
2020-03-16,600489,7.72,7.67,7.87,7.6,394819,305584032.0,3.49,-0.78,-0.06,1.14,7.713333333333334
2020-03-17,600489,7.57,7.52,7.71,7.36,372158,279261344.0,4.56,-1.96,-0.15,1.08,7.53
2020-03-18,600489,7.59,7.48,7.66,7.46,284121,215231908.0,2.66,-0.53,-0.04,0.82,7.533333333333334
2020-03-19,600489,7.43,7.39,7.46,7.17,342964,250943488.0,3.88,-1.2,-0.09,0.99,7.34
2020-03-20,600489,7.4,7.69,7.79,7.32,314623,235932043.0,6.36,4.06,0.3,0.91,7.6000000000000005
2020-03-23,600489,7.49,7.51,7.72,7.44,289239,219169732.0,3.64,-2.34,-0.18,0.84,7.5566666666666675
2020-03-24,600489,8.0,8.16,8.16,7.86,1009177,810355904.0,3.99,8.66,0.65,2.92,8.06
2020-03-25,600489,8.4,8.34,8.51,8.25,717472,600390384.0,3.19,2.21,0.18,2.08,8.366666666666665
2020-03-26,600489,8.25,8.31,8.41,8.12,429420,356302992.0,3.48,-0.36,-0.03,1.24,8.280000000000001
2020-03-27,600489,8.32,8.36,8.47,8.26,522590,437544064.0,2.53,0.6,0.05,1.51,8.363333333333333
2020-03-30,600489,8.31,8.14,8.33,8.1,358399,293484176.0,2.75,-2.63,-0.22,1.04,8.19
2020-03-31,600489,8.14,8.07,8.19,8.04,215307,174626189.0,1.84,-0.86,-0.07,0.62,8.1
2020-04-01,600489,7.93,8.03,8.04,7.81,337742,266764417.0,2.85,-0.5,-0.04,0.98,7.959999999999998
2020-04-02,600489,7.91,7.91,7.93,7.82,248986,196050415.0,1.37,-1.49,-0.12,0.72,7.886666666666667
2020-04-03,600489,7.97,7.88,8.09,7.85,360667,287062976.0,3.03,-0.38,-0.03,1.05,7.94
2020-04-07,600489,8.13,8.45,8.5,8.06,802605,669283312.0,5.58,7.23,0.57,2.33,8.336666666666668
2020-04-08,600489,8.34,8.43,8.48,8.28,360431,301982640.0,2.37,-0.24,-0.02,1.04,8.396666666666667
2020-04-09,600489,8.41,8.43,8.44,8.33,253923,212954357.0,1.3,0.0,0.0,0.74,8.4
2020-04-10,600489,8.7,8.39,8.74,8.39,553654,472465744.0,4.15,-0.47,-0.04,1.6,8.506666666666668
2020-04-13,600489,8.37,8.45,8.47,8.29,268481,225021838.0,2.15,0.72,0.06,0.78,8.403333333333332
2020-04-14,600489,8.67,8.71,8.84,8.53,745665,649611600.0,3.67,3.08,0.26,2.16,8.693333333333333
2020-04-15,600489,8.66,9.0,9.15,8.61,1139196,1016796048.0,6.2,3.33,0.29,3.3,8.92
2020-04-16,600489,8.88,8.98,9.02,8.8,516374,459954912.0,2.44,-0.22,-0.02,1.5,8.933333333333334
2020-04-17,600489,8.9,8.65,8.9,8.59,538420,470215840.0,3.45,-3.67,-0.33,1.56,8.713333333333333
2020-04-20,600489,8.54,8.67,8.7,8.48,287914,247819645.0,2.54,0.23,0.02,0.83,8.616666666666667
2020-04-21,600489,8.64,8.58,8.7,8.49,276713,237220260.0,2.42,-1.04,-0.09,0.8,8.589999999999998
2020-04-22,600489,8.55,8.55,8.64,8.5,229333,196374751.0,1.63,-0.35,-0.03,0.66,8.563333333333334
2020-04-23,600489,8.68,8.74,8.84,8.64,485812,424090576.0,2.34,2.22,0.19,1.41,8.74
2020-04-24,600489,8.7,8.76,8.85,8.6,335341,292846080.0,2.86,0.23,0.02,0.97,8.736666666666666
2020-04-27,600489,8.62,8.59,8.74,8.58,253164,218580081.0,1.83,-1.94,-0.17,0.73,8.636666666666667
2020-04-28,600489,8.49,8.27,8.5,8.13,313413,260172803.0,4.31,-3.73,-0.32,0.91,8.3
2020-04-29,600489,8.32,8.34,8.42,8.31,172606,144406267.0,1.33,0.85,0.07,0.5,8.356666666666667
2020-04-30,600489,8.38,8.4,8.41,8.25,298301,249032340.0,1.92,0.72,0.06,0.86,8.353333333333333
2020-05-06,600489,8.35,8.44,8.47,8.34,233624,196600264.0,1.55,0.48,0.04,0.68,8.416666666666666
2020-05-07,600489,8.36,8.33,8.43,8.31,250156,209203685.0,1.42,-1.3,-0.11,0.72,8.356666666666667
2020-05-08,600489,8.48,8.44,8.54,8.4,310794,262894822.0,1.68,1.32,0.11,0.9,8.459999999999999
2020-05-11,600489,8.35,8.35,8.42,8.3,224414,187335557.0,1.42,-1.07,-0.09,0.65,8.356666666666667
2020-05-12,600489,8.31,8.21,8.32,8.18,244229,200979666.0,1.68,-1.68,-0.14,0.71,8.236666666666666
2020-05-13,600489,8.22,8.25,8.29,8.22,153821,126778855.0,0.85,0.49,0.04,0.45,8.253333333333332
2020-05-14,600489,8.31,8.32,8.33,8.2,219940,182069288.0,1.58,0.85,0.07,0.64,8.283333333333333
2020-05-15,600489,8.39,8.43,8.51,8.35,387915,327384368.0,1.92,1.32,0.11,1.12,8.43
2020-05-18,600489,8.6,9.18,9.27,8.55,1242922,1123777824.0,8.54,8.9,0.75,3.6,9.0
2020-05-19,600489,8.98,8.82,9.0,8.78,796053,706758352.0,2.4,-3.92,-0.36,2.31,8.866666666666667
2020-05-20,600489,8.94,9.2,9.37,8.88,1030760,943900144.0,5.56,4.31,0.38,2.99,9.15
2020-05-21,600489,9.12,9.17,9.5,9.06,826184,764676912.0,4.78,-0.33,-0.03,2.39,9.243333333333334
2020-05-22,600489,9.03,9.24,9.33,8.86,783751,710787504.0,5.13,0.76,0.07,2.27,9.143333333333333
2020-05-25,600489,9.1,8.92,9.14,8.88,489006,439536448.0,2.81,-3.46,-0.32,1.42,8.980000000000002
2020-05-26,600489,9.02,9.22,9.4,9.02,622881,573193792.0,4.26,3.36,0.3,1.8,9.213333333333333
2020-05-27,600489,9.13,9.09,9.23,9.01,564153,513071888.0,2.39,-1.41,-0.13,1.63,9.110000000000001
2020-05-28,600489,9.17,9.38,9.48,9.06,897242,835315264.0,4.62,3.19,0.29,2.6,9.306666666666667
2020-05-29,600489,9.27,9.28,9.34,9.19,577530,534101504.0,1.6,-1.07,-0.1,1.67,9.270000000000001
2020-06-01,600489,9.29,9.47,9.58,9.21,769478,724116880.0,3.99,2.05,0.19,2.23,9.42
2020-06-02,600489,9.4,9.22,9.43,9.14,730193,677843632.0,3.06,-2.64,-0.25,2.12,9.263333333333334
2020-06-03,600489,9.06,9.09,9.14,9.02,476643,432708704.0,1.3,-1.41,-0.13,1.38,9.083333333333334
2020-06-04,600489,8.95,8.91,9.0,8.88,560250,500244320.0,1.32,-1.98,-0.18,1.62,8.930000000000001
2020-06-05,600489,8.98,8.81,8.98,8.76,438019,387097536.0,2.47,-1.12,-0.1,1.27,8.850000000000001
2020-06-08,600489,8.72,8.86,8.88,8.69,417212,367677712.0,2.16,0.57,0.05,1.21,8.81
2020-06-09,600489,8.81,8.74,8.86,8.71,389768,341444112.0,1.69,-1.35,-0.12,1.13,8.770000000000001
2020-06-10,600489,8.84,8.81,8.88,8.78,340361,300440736.0,1.14,0.8,0.07,0.99,8.823333333333332
2020-06-11,600489,8.9,8.89,8.94,8.8,411093,364571280.0,1.59,0.91,0.08,1.19,8.876666666666667
2020-06-12,600489,8.7,8.7,8.74,8.63,369489,320907072.0,1.24,-2.14,-0.19,1.07,8.69
2020-06-15,600489,8.69,8.57,8.79,8.56,342949,297291504.0,2.64,-1.49,-0.13,0.99,8.64
2020-06-16,600489,8.64,8.65,8.68,8.58,262974,226906912.0,1.17,0.93,0.08,0.76,8.636666666666665
2020-06-17,600489,8.65,8.76,8.76,8.55,365951,316323824.0,2.43,1.27,0.11,1.06,8.69
2020-06-18,600489,8.71,8.66,8.72,8.62,277622,240590159.0,1.14,-1.14,-0.1,0.8,8.666666666666666
2020-06-19,600489,8.65,8.74,8.76,8.62,280885,244128363.0,1.62,0.92,0.08,0.81,8.706666666666665
2020-06-22,600489,8.89,8.85,8.99,8.81,556989,495653616.0,2.06,1.26,0.11,1.61,8.883333333333333
2020-06-23,600489,8.9,8.78,8.94,8.76,320692,283235872.0,2.03,-0.79,-0.07,0.93,8.826666666666666
2020-06-24,600489,8.95,8.96,9.03,8.9,563206,504913152.0,1.48,2.05,0.18,1.63,8.963333333333333
2020-06-29,600489,9.09,9.13,9.21,9.0,659310,600942416.0,2.34,1.9,0.17,1.91,9.113333333333335
2020-06-30,600489,9.03,9.14,9.16,8.97,417140,378128736.0,2.08,0.11,0.01,1.21,9.090000000000002
2020-07-01,600489,9.3,9.35,9.44,9.16,770380,716605376.0,3.06,2.3,0.21,2.23,9.316666666666668
2020-07-02,600489,9.17,9.22,9.26,9.11,618453,567374816.0,1.6,-1.39,-0.13,1.79,9.196666666666665
2020-07-03,600489,9.2,9.39,9.42,9.17,667268,623402304.0,2.71,1.84,0.17,1.93,9.326666666666666
2020-07-06,600489,9.39,9.74,9.77,9.29,1008983,972008592.0,5.11,3.73,0.35,2.92,9.6
2020-07-07,600489,9.87,10.03,10.27,9.86,1032796,1043067680.0,4.21,2.98,0.29,2.99,10.053333333333333
2020-07-08,600489,10.24,10.34,10.43,10.05,857659,880440288.0,3.79,3.09,0.31,2.49,10.273333333333333
2020-07-09,600489,10.7,11.05,11.16,10.56,1351963,1462513360.0,5.8,6.87,0.71,3.92,10.923333333333332
2020-07-10,600489,10.78,10.4,10.78,10.33,1094907,1154322528.0,4.07,-5.88,-0.65,3.17,10.503333333333332
2020-07-13,600489,10.48,10.59,10.65,10.35,742510,781370240.0,2.88,1.83,0.19,2.15,10.53
2020-07-14,600489,10.3,10.22,10.35,10.05,906233,924202240.0,2.83,-3.49,-0.37,2.63,10.206666666666665
2020-07-15,600489,10.32,10.1,10.36,10.06,560410,572462080.0,2.94,-1.17,-0.12,1.62,10.173333333333334
2020-07-16,600489,10.01,9.66,10.19,9.65,616153,611016864.0,5.35,-4.36,-0.44,1.79,9.833333333333334
2020-07-17,600489,9.6,9.57,9.71,9.45,427417,408763600.0,2.69,-0.93,-0.09,1.24,9.576666666666666
2020-07-20,600489,9.66,10.08,10.13,9.63,590924,587028352.0,5.22,5.33,0.51,1.71,9.946666666666667
2020-07-21,600489,10.25,10.44,10.44,10.17,741725,766282736.0,2.68,3.57,0.36,2.15,10.35
2020-07-22,600489,11.1,10.89,11.17,10.82,1377179,1510706688.0,3.35,4.31,0.45,3.99,10.96
2020-07-23,600489,11.2,11.0,11.3,10.8,1058416,1171028160.0,4.59,1.01,0.11,3.07,11.033333333333333
2020-07-24,600489,11.18,10.93,11.45,10.79,1294718,1436580800.0,6.0,-0.64,-0.07,3.75,11.056666666666667
2020-07-27,600489,11.26,11.79,11.9,11.21,1673571,1944386272.0,6.31,7.87,0.86,4.85,11.633333333333333
2020-07-28,600489,12.35,11.23,12.45,11.12,1739113,2031133552.0,11.28,-4.75,-0.56,5.04,11.6
2020-07-29,600489,11.29,11.3,11.34,11.04,846172,946595408.0,2.67,0.62,0.07,2.45,11.226666666666667
2020-07-30,600489,11.25,10.92,11.29,10.92,757958,837361776.0,3.27,-3.36,-0.38,2.2,11.043333333333335
2020-07-31,600489,10.96,11.34,11.43,10.9,948834,1060480960.0,4.85,3.85,0.42,2.75,11.223333333333334
2020-08-03,600489,11.18,11.23,11.35,11.07,664343,742988960.0,2.47,-0.97,-0.11,1.92,11.216666666666669
2020-08-04,600489,11.19,11.07,11.33,11.04,544690,607055376.0,2.58,-1.42,-0.16,1.58,11.146666666666667
2020-08-05,600489,11.47,11.59,11.6,11.29,917428,1051198720.0,2.8,4.7,0.52,2.66,11.493333333333334
2020-08-06,600489,11.56,11.92,12.13,11.47,1295688,1535341008.0,5.69,2.85,0.33,3.75,11.840000000000002
2020-08-07,600489,12.12,11.45,12.24,11.33,1169848,1379469344.0,7.63,-3.94,-0.47,3.39,11.673333333333332
2020-08-10,600489,11.25,11.34,11.44,11.04,589797,661745648.0,3.49,-0.96,-0.11,1.71,11.273333333333332
2020-08-11,600489,11.14,11.05,11.26,10.85,656500,726112528.0,3.62,-2.56,-0.29,1.9,11.053333333333333
2020-08-12,600489,10.12,10.15,10.35,9.95,1406637,1418213440.0,3.62,-8.14,-0.9,4.08,10.149999999999999
2020-08-13,600489,10.19,10.14,10.23,10.05,425918,432123984.0,1.77,-0.1,-0.01,1.23,10.14
2020-08-14,600489,10.22,10.2,10.32,10.12,375397,383874192.0,1.97,0.59,0.06,1.09,10.213333333333333
2020-08-17,600489,10.22,10.65,10.67,10.15,606906,634651104.0,5.1,4.41,0.45,1.76,10.49
2020-08-18,600489,10.89,11.45,11.48,10.8,1024281,1143163328.0,6.38,7.51,0.8,2.97,11.243333333333334
2020-08-19,600489,11.33,11.15,11.44,11.13,649867,730841824.0,2.71,-2.62,-0.3,1.88,11.24
2020-08-20,600489,10.72,10.85,11.09,10.68,484334,526297360.0,3.68,-2.69,-0.3,1.4,10.873333333333333
2020-08-21,600489,10.97,10.65,10.99,10.62,373096,401479168.0,3.41,-1.84,-0.2,1.08,10.753333333333332
2020-08-24,600489,10.6,10.86,10.96,10.56,338098,364892096.0,3.76,1.97,0.21,0.98,10.793333333333335
2020-08-25,600489,10.82,10.66,10.93,10.58,321102,344270256.0,3.22,-1.84,-0.2,0.93,10.723333333333334
2020-08-26,600489,10.6,10.5,10.79,10.37,367569,387771984.0,3.94,-1.5,-0.16,1.07,10.553333333333333
2020-08-27,600489,10.7,10.77,10.78,10.58,308936,329986048.0,1.9,2.57,0.27,0.9,10.709999999999999
2020-08-28,600489,10.65,10.76,10.79,10.49,423015,450857824.0,2.79,-0.09,-0.01,1.23,10.68
2020-08-31,600489,10.89,10.9,11.25,10.83,638174,703978176.0,3.9,1.3,0.14,1.85,10.993333333333332
2020-09-01,600489,10.9,11.35,11.47,10.9,847811,957799296.0,5.23,4.13,0.45,2.46,11.24
2020-09-02,600489,11.13,11.14,11.2,10.99,584437,647341008.0,1.85,-1.85,-0.21,1.69,11.11
2020-09-03,600489,10.98,10.89,11.1,10.87,423688,465090736.0,2.06,-2.24,-0.25,1.23,10.953333333333333
2020-09-04,600489,10.86,10.9,11.06,10.79,343464,374649232.0,2.48,0.09,0.01,1.0,10.916666666666666
2020-09-07,600489,10.85,10.92,11.25,10.85,579302,641747120.0,3.67,0.18,0.02,1.68,11.006666666666668
2020-09-08,600489,10.9,10.8,10.91,10.46,480270,511704496.0,4.12,-1.1,-0.12,1.39,10.723333333333334
2020-09-09,600489,10.61,10.58,10.8,10.5,288785,307143152.0,2.78,-2.04,-0.22,0.84,10.626666666666667
2020-09-10,600489,10.77,10.58,10.85,10.55,357592,381557776.0,2.84,0.0,0.0,1.04,10.659999999999998
2020-09-11,600489,10.58,10.64,10.65,10.38,260787,274427952.0,2.55,0.57,0.06,0.76,10.556666666666667
2020-09-14,600489,10.64,10.72,10.82,10.59,296826,318567088.0,2.16,0.75,0.08,0.86,10.71
2020-09-15,600489,10.8,11.18,11.26,10.75,644291,711681744.0,4.76,4.29,0.46,1.87,11.063333333333333
2020-09-16,600489,11.01,11.04,11.11,10.92,331100,364040112.0,1.7,-1.25,-0.14,0.96,11.023333333333333
2020-09-17,600489,10.89,10.6,10.93,10.5,533248,568330944.0,3.89,-3.99,-0.44,1.55,10.676666666666668
2020-09-18,600489,10.66,10.8,10.82,10.61,379461,406228784.0,1.98,1.89,0.2,1.1,10.743333333333334
2020-09-21,600489,10.78,10.82,10.93,10.74,240272,260020678.0,1.76,0.19,0.02,0.7,10.83
2020-09-22,600489,10.45,10.3,10.52,10.24,547604,569202112.0,2.59,-4.81,-0.52,1.59,10.353333333333333
2020-09-23,600489,10.22,10.16,10.34,10.09,322041,327623552.0,2.43,-1.36,-0.14,0.93,10.196666666666667
2020-09-24,600489,10.0,9.88,10.08,9.83,412462,409927008.0,2.46,-2.76,-0.28,1.2,9.93
2020-09-25,600489,9.96,10.02,10.03,9.9,227511,227115016.0,1.32,1.42,0.14,0.66,9.983333333333333
2020-09-28,600489,9.99,10.05,10.16,9.85,213541,214457832.0,3.09,0.3,0.03,0.62,10.02
2020-09-29,600489,10.18,10.03,10.26,9.96,264021,266764851.0,2.99,-0.2,-0.02,0.77,10.083333333333334
2020-09-30,600489,10.17,10.05,10.18,9.95,214692,215767421.0,2.29,0.2,0.02,0.62,10.06
2020-10-09,600489,10.12,10.2,10.27,10.05,281492,286792832.0,2.19,1.49,0.15,0.82,10.173333333333334
2020-10-12,600489,10.28,10.39,10.41,10.28,392834,407366384.0,1.27,1.86,0.19,1.14,10.36
2020-10-13,600489,10.31,10.36,10.41,10.17,291121,299267648.0,2.31,-0.29,-0.03,0.84,10.313333333333333
2020-10-14,600489,10.12,10.17,10.25,10.09,210222,213645992.0,1.54,-1.83,-0.19,0.61,10.17
2020-10-15,600489,10.16,10.16,10.23,10.14,155093,157783463.0,0.88,-0.1,-0.01,0.45,10.176666666666668
2020-10-16,600489,10.3,10.09,10.31,10.05,212268,215146878.0,2.56,-0.69,-0.07,0.62,10.15
2020-10-19,600489,10.01,10.13,10.18,9.97,303663,305617664.0,2.08,0.4,0.04,0.88,10.093333333333334
2020-10-20,600489,10.03,10.01,10.04,9.93,187012,186772282.0,1.09,-1.18,-0.12,0.54,9.993333333333332
2020-10-21,600489,10.08,10.09,10.22,10.02,310769,314176720.0,2.0,0.8,0.08,0.9,10.110000000000001
2020-10-22,600489,10.05,9.97,10.07,9.88,190494,189461833.0,1.88,-1.19,-0.12,0.55,9.973333333333334
2020-10-23,600489,9.89,9.88,9.95,9.86,181216,179304632.0,0.9,-0.9,-0.09,0.53,9.896666666666667
2020-10-26,600489,9.87,9.68,9.87,9.67,198192,193062340.0,2.02,-2.02,-0.2,0.57,9.74
2020-10-27,600489,9.71,9.79,9.79,9.7,157510,153500168.0,0.93,1.14,0.11,0.46,9.76
2020-10-28,600489,9.71,9.69,9.75,9.56,208105,200797847.0,1.94,-1.02,-0.1,0.6,9.666666666666666
2020-10-29,600489,9.42,9.46,9.5,9.38,231191,218242304.0,1.24,-2.37,-0.23,0.67,9.446666666666667
2020-10-30,600489,9.4,9.3,9.52,9.25,243855,229002219.0,2.85,-1.69,-0.16,0.71,9.356666666666667
2020-11-02,600489,9.32,9.45,9.49,9.32,261730,246403917.0,1.83,1.61,0.15,0.76,9.42
2020-11-03,600489,9.47,9.77,9.85,9.44,384374,372245616.0,4.34,3.39,0.32,1.11,9.686666666666666
2020-11-04,600489,9.75,9.63,9.76,9.55,263374,253995798.0,2.15,-1.43,-0.14,0.76,9.646666666666668
2020-11-05,600489,9.66,9.8,9.82,9.6,303322,295089328.0,2.28,1.77,0.17,0.88,9.74
2020-11-06,600489,10.0,9.95,10.18,9.86,476175,477184224.0,3.27,1.53,0.15,1.38,9.996666666666666
2020-11-09,600489,10.0,10.0,10.1,9.89,452667,451381168.0,2.11,0.5,0.05,1.31,9.996666666666668
2020-11-10,600489,9.54,9.62,9.63,9.47,435659,416389536.0,1.6,-3.8,-0.38,1.26,9.573333333333332
2020-11-11,600489,9.53,9.51,9.6,9.47,262605,249701886.0,1.35,-1.14,-0.11,0.76,9.526666666666666
2020-11-12,600489,9.44,9.44,9.5,9.39,174516,164997990.0,1.16,-0.74,-0.07,0.51,9.443333333333333
2020-11-13,600489,9.47,9.43,9.51,9.39,197220,186403751.0,1.27,-0.11,-0.01,0.57,9.443333333333333
2020-11-16,600489,9.49,9.64,9.78,9.48,452702,436620128.0,3.18,2.23,0.21,1.31,9.633333333333333
2020-11-17,600489,9.55,9.48,9.67,9.43,361572,344278112.0,2.49,-1.66,-0.16,1.05,9.526666666666667
2020-11-18,600489,9.43,9.53,9.6,9.37,279536,266114186.0,2.43,0.53,0.05,0.81,9.5
2020-11-19,600489,9.48,9.42,9.49,9.39,270078,254586175.0,1.05,-1.15,-0.11,0.78,9.433333333333335
2020-11-20,600489,9.4,9.61,9.63,9.39,329255,312895056.0,2.55,2.02,0.19,0.95,9.543333333333335
2020-11-23,600489,9.7,9.85,9.99,9.63,557793,547577040.0,3.75,2.5,0.24,1.62,9.823333333333332
2020-11-24,600489,9.6,9.58,9.69,9.52,462733,443296848.0,1.73,-2.74,-0.27,1.34,9.596666666666666
2020-11-25,600489,9.52,9.5,9.63,9.46,362235,345107296.0,1.77,-0.84,-0.08,1.05,9.530000000000001
2020-11-26,600489,9.53,9.5,9.55,9.41,217537,205849739.0,1.47,0.0,0.0,0.63,9.486666666666666
2020-11-27,600489,9.52,9.54,9.54,9.43,206673,195857049.0,1.16,0.42,0.04,0.6,9.503333333333332
2020-11-30,600489,9.4,9.53,9.55,9.35,367664,347795360.0,2.1,-0.1,-0.01,1.07,9.476666666666667
2020-12-01,600489,9.49,9.58,9.58,9.43,316846,301851632.0,1.57,0.52,0.05,0.92,9.53
2020-12-02,600489,9.71,9.64,9.78,9.61,445691,431899648.0,1.77,0.63,0.06,1.29,9.676666666666668
2020-12-03,600489,9.69,9.55,9.71,9.52,314215,301271840.0,1.97,-0.93,-0.09,0.91,9.593333333333334
2020-12-04,600489,9.56,9.59,9.62,9.51,229592,219705408.0,1.15,0.42,0.04,0.67,9.573333333333332
2020-12-07,600489,9.55,9.49,9.61,9.46,223187,212254941.0,1.56,-1.04,-0.1,0.65,9.520000000000001
2020-12-08,600489,9.57,9.57,9.67,9.55,308583,296312336.0,1.26,0.84,0.08,0.89,9.596666666666666
2020-12-09,600489,9.55,9.26,9.57,9.26,360236,338497760.0,3.24,-3.24,-0.31,1.04,9.363333333333332
2020-12-10,600489,9.17,9.04,9.17,9.0,330849,299374512.0,1.84,-2.38,-0.22,0.96,9.07
2020-12-11,600489,9.04,8.89,9.12,8.78,360154,320777920.0,3.76,-1.66,-0.15,1.04,8.93
2020-12-14,600489,8.84,8.83,8.85,8.74,214753,188770899.0,1.24,-0.67,-0.06,0.62,8.806666666666667
2020-12-15,600489,8.78,8.92,8.93,8.7,223405,196688362.0,2.6,1.02,0.09,0.65,8.85
2020-12-16,600489,8.93,8.86,8.98,8.84,171079,152054623.0,1.57,-0.67,-0.06,0.5,8.893333333333333
2020-12-17,600489,8.93,9.03,9.04,8.81,258660,231167551.0,2.6,1.92,0.17,0.75,8.96
2020-12-18,600489,9.09,9.01,9.12,9.01,270392,244824347.0,1.22,-0.22,-0.02,0.78,9.046666666666667
2020-12-21,600489,9.1,9.17,9.21,9.07,392204,358556672.0,1.55,1.78,0.16,1.14,9.15
2020-12-22,600489,9.03,8.77,9.06,8.75,395537,351971984.0,3.38,-4.36,-0.4,1.15,8.860000000000001
2020-12-23,600489,8.73,8.73,8.81,8.66,227545,198588459.0,1.71,-0.46,-0.04,0.66,8.733333333333333
2020-12-24,600489,8.76,8.69,8.8,8.67,188990,164997569.0,1.49,-0.46,-0.04,0.55,8.719999999999999
2020-12-25,600489,8.66,8.78,8.78,8.62,181361,158152019.0,1.84,1.04,0.09,0.53,8.726666666666667
2020-12-28,600489,8.86,8.84,8.97,8.78,329118,292282960.0,2.16,0.68,0.06,0.95,8.863333333333333
2020-12-29,600489,8.82,8.7,8.82,8.66,235694,205190330.0,1.81,-1.58,-0.14,0.68,8.726666666666667
2020-12-30,600489,8.68,8.75,8.78,8.63,216066,188628888.0,1.72,0.57,0.05,0.63,8.72
2020-12-31,600489,8.83,8.81,8.86,8.74,268132,236151927.0,1.37,0.69,0.06,0.78,8.803333333333335
2021-01-04,600489,8.92,9.06,9.12,8.91,483843,436262848.0,2.38,2.84,0.25,1.4,9.030000000000001
2021-01-05,600489,9.13,9.1,9.18,8.96,526712,477623120.0,2.43,0.44,0.04,1.53,9.08
2021-01-06,600489,9.08,8.98,9.13,8.9,395033,355098176.0,2.53,-1.32,-0.12,1.14,9.003333333333334
2021-01-07,600489,8.88,9.02,9.05,8.81,475640,425122032.0,2.67,0.45,0.04,1.38,8.959999999999999
2021-01-08,600489,8.99,8.83,9.0,8.78,403707,356916832.0,2.44,-2.11,-0.19,1.17,8.87
2021-01-11,600489,8.56,8.31,8.57,8.28,708955,595990704.0,3.28,-5.89,-0.52,2.05,8.386666666666668
2021-01-12,600489,8.26,8.38,8.38,8.23,300808,249547596.0,1.81,0.84,0.07,0.87,8.33
2021-01-13,600489,8.35,8.33,8.46,8.3,298315,249644699.0,1.91,-0.6,-0.05,0.86,8.363333333333335
2021-01-14,600489,8.33,8.36,8.42,8.26,258552,215359314.0,1.92,0.36,0.03,0.75,8.346666666666666
2021-01-15,600489,8.36,8.44,8.46,8.35,293019,246819026.0,1.32,0.96,0.08,0.85,8.416666666666666
2021-01-18,600489,8.34,8.46,8.48,8.31,272981,229451834.0,2.01,0.24,0.02,0.79,8.416666666666666
2021-01-19,600489,8.48,8.44,8.52,8.37,229102,193148984.0,1.77,-0.24,-0.02,0.66,8.443333333333333
2021-01-20,600489,8.4,8.43,8.45,8.36,219266,184456127.0,1.07,-0.12,-0.01,0.64,8.413333333333332
2021-01-21,600489,8.49,8.52,8.58,8.41,335806,285553824.0,2.02,1.07,0.09,0.97,8.503333333333334
2021-01-22,600489,8.48,8.33,8.48,8.29,286025,238953001.0,2.23,-2.23,-0.19,0.83,8.366666666666667
2021-01-25,600489,8.26,8.09,8.3,8.05,445583,361765552.0,3.0,-2.88,-0.24,1.29,8.146666666666667
2021-01-26,600489,8.03,8.52,8.74,7.96,637912,534748736.0,9.64,5.32,0.43,1.85,8.406666666666666
2021-01-27,600489,8.38,8.28,8.42,8.2,330007,274618752.0,2.58,-2.82,-0.24,0.96,8.299999999999999
2021-01-28,600489,8.2,8.27,8.5,8.12,319128,265881016.0,4.59,-0.12,-0.01,0.92,8.296666666666665
2021-01-29,600489,8.37,8.43,8.52,8.25,445226,373687248.0,3.26,1.93,0.16,1.29,8.4
2021-02-01,600489,8.55,8.6,8.67,8.45,478951,410418496.0,2.61,2.02,0.17,1.39,8.573333333333332
2021-02-02,600489,8.45,8.3,8.46,8.25,382681,318977024.0,2.44,-3.49,-0.3,1.11,8.336666666666668
2021-02-03,600489,8.18,8.15,8.28,8.07,269770,220136582.0,2.53,-1.81,-0.15,0.78,8.166666666666666
2021-02-04,600489,8.15,7.87,8.15,7.77,398553,315366176.0,4.66,-3.44,-0.28,1.15,7.93
2021-02-05,600489,7.71,7.71,7.87,7.7,275195,213616108.0,2.16,-2.03,-0.16,0.8,7.760000000000001
2021-02-08,600489,7.79,7.91,7.93,7.77,230755,181615641.0,2.08,2.59,0.2,0.63,7.87
2021-02-09,600489,8.02,8.05,8.08,7.96,225604,181367787.0,1.52,1.77,0.14,0.62,8.03
2021-02-10,600489,8.03,8.15,8.16,7.89,241727,194847272.0,3.35,1.24,0.1,0.66,8.066666666666668
2021-02-18,600489,8.26,8.39,8.49,8.23,523796,438582496.0,3.19,2.94,0.24,1.43,8.37
2021-02-19,600489,8.28,8.53,8.55,8.21,582844,490381008.0,4.05,1.67,0.14,1.59,8.43
2021-02-22,600489,9.0,9.38,9.38,8.88,1395111,1290815744.0,5.86,9.96,0.85,3.82,9.213333333333333
2021-02-23,600489,9.39,10.05,10.31,9.3,2343621,2311433664.0,10.77,7.14,0.67,6.41,9.886666666666667
2021-02-24,600489,10.1,9.98,10.51,9.79,1924208,1945989776.0,7.16,-0.7,-0.07,5.26,10.093333333333332
2021-02-25,600489,10.37,9.82,10.48,9.71,1218757,1219952848.0,7.72,-1.6,-0.16,3.33,10.003333333333334
2021-02-26,600489,9.38,9.32,9.58,9.26,958661,901020864.0,3.26,-5.09,-0.5,2.62,9.386666666666667
2021-03-01,600489,9.38,9.45,9.69,9.3,772369,730219808.0,4.18,1.39,0.13,2.11,9.48
2021-03-02,600489,9.33,9.14,9.35,8.96,779318,712398720.0,4.13,-3.28,-0.31,2.13,9.15
2021-03-03,600489,9.2,9.15,9.24,9.06,556295,508993776.0,1.97,0.11,0.01,1.52,9.15
2021-03-04,600489,9.0,8.94,9.12,8.89,612458,550758336.0,2.51,-2.3,-0.21,1.68,8.983333333333333
2021-03-05,600489,8.82,8.89,9.01,8.72,529133,469683936.0,3.24,-0.56,-0.05,1.45,8.873333333333333
2021-03-08,600489,8.98,8.72,9.13,8.68,573835,511715824.0,5.06,-1.91,-0.17,1.57,8.843333333333334
2021-03-09,600489,8.65,8.45,8.69,8.41,482332,412186464.0,3.21,-3.1,-0.27,1.32,8.516666666666667
2021-03-10,600489,8.61,8.44,8.63,8.35,388783,329380816.0,3.31,-0.12,-0.01,1.06,8.473333333333334
2021-03-11,600489,8.44,8.8,8.85,8.38,608944,527181024.0,5.57,4.27,0.36,1.67,8.676666666666668
2021-03-12,600489,8.71,8.61,8.75,8.49,468453,402322048.0,2.95,-2.16,-0.19,1.28,8.616666666666667
2021-03-15,600489,8.63,8.65,8.85,8.51,518817,450563552.0,3.95,0.46,0.04,1.42,8.67
2021-03-16,600489,8.63,8.66,8.72,8.49,318057,273756944.0,2.66,0.12,0.01,0.87,8.623333333333333
2021-03-17,600489,8.58,8.64,8.71,8.51,301984,259725434.0,2.31,-0.23,-0.02,0.83,8.62
2021-03-18,600489,8.82,8.82,8.98,8.74,538873,476757008.0,2.78,2.08,0.18,1.47,8.846666666666666
2021-03-19,600489,8.64,8.76,8.81,8.57,418042,362855568.0,2.72,-0.68,-0.06,1.14,8.713333333333333
2021-03-22,600489,8.66,8.68,8.71,8.55,324606,280665120.0,1.83,-0.91,-0.08,0.89,8.646666666666667
2021-03-23,600489,8.66,8.49,8.66,8.44,362779,309361808.0,2.53,-2.19,-0.19,0.99,8.530000000000001
2021-03-24,600489,8.39,8.45,8.52,8.35,290719,245167727.0,2.0,-0.47,-0.04,0.8,8.44
2021-03-25,600489,8.45,8.4,8.52,8.4,197942,167282954.0,1.42,-0.59,-0.05,0.54,8.44
2021-03-26,600489,8.4,8.45,8.46,8.3,198396,166488957.0,1.9,0.6,0.05,0.54,8.403333333333334
2021-03-29,600489,8.46,8.45,8.48,8.37,174353,147027747.0,1.3,0.0,0.0,0.48,8.433333333333334
2021-03-30,600489,8.4,8.41,8.43,8.34,204293,171252038.0,1.07,-0.47,-0.04,0.56,8.393333333333333
2021-03-31,600489,8.31,8.34,8.36,8.27,192008,159612946.0,1.07,-0.83,-0.07,0.53,8.323333333333332
2021-04-01,600489,8.41,8.42,8.43,8.32,204490,171504326.0,1.32,0.96,0.08,0.56,8.39
2021-04-02,600489,8.48,8.5,8.54,8.43,290999,246916109.0,1.31,0.95,0.08,0.8,8.49
2021-04-06,600489,8.51,8.5,8.53,8.43,230391,195175227.0,1.18,0.0,0.0,0.63,8.486666666666666
2021-04-07,600489,8.52,8.56,8.61,8.47,317216,271444416.0,1.65,0.71,0.06,0.87,8.546666666666667
2021-04-08,600489,8.53,8.7,8.75,8.52,427667,370456464.0,2.69,1.64,0.14,1.17,8.656666666666666
2021-04-09,600489,8.74,8.68,8.84,8.62,350435,306307744.0,2.53,-0.23,-0.02,0.96,8.713333333333333
2021-04-12,600489,8.63,8.39,8.67,8.36,345842,293460096.0,3.57,-3.34,-0.29,0.95,8.473333333333334
2021-04-13,600489,8.33,8.23,8.38,8.2,260095,215240090.0,2.15,-1.91,-0.16,0.71,8.27
2021-04-14,600489,8.27,8.29,8.31,8.24,149032,123261196.0,0.85,0.73,0.06,0.41,8.28
2021-04-15,600489,8.26,8.39,8.4,8.19,248146,205901226.0,2.53,1.21,0.1,0.68,8.326666666666666
2021-04-16,600489,8.53,8.56,8.72,8.5,475879,409760880.0,2.62,2.03,0.17,1.3,8.593333333333334
2021-04-19,600489,8.59,8.64,8.66,8.54,364437,313612816.0,1.4,0.93,0.08,1.0,8.613333333333333
2021-04-20,600489,8.55,8.54,8.62,8.49,245800,210115656.0,1.5,-1.16,-0.1,0.67,8.549999999999999
2021-04-21,600489,8.54,8.55,8.56,8.47,208271,177414045.0,1.05,0.12,0.01,0.57,8.526666666666667
2021-04-22,600489,8.62,8.5,8.67,8.47,251956,215482680.0,2.34,-0.58,-0.05,0.69,8.546666666666667
2021-04-23,600489,8.4,8.43,8.47,8.35,222930,187540557.0,1.41,-0.82,-0.07,0.61,8.416666666666666
2021-04-26,600489,8.44,8.52,8.7,8.43,422572,362383344.0,3.2,1.07,0.09,1.16,8.549999999999999
2021-04-27,600489,8.56,8.57,8.61,8.43,306924,262265076.0,2.11,0.59,0.05,0.84,8.536666666666667
2021-04-28,600489,8.5,8.51,8.54,8.38,236373,200187985.0,1.87,-0.7,-0.06,0.65,8.476666666666667
2021-04-29,600489,8.57,8.8,8.8,8.56,479024,416819648.0,2.82,3.41,0.29,1.31,8.72
2021-04-30,600489,8.73,8.56,8.76,8.51,475444,409124272.0,2.84,-2.73,-0.24,1.3,8.61
2021-05-06,600489,8.75,8.78,8.87,8.66,539247,472260736.0,2.45,2.57,0.22,1.48,8.770000000000001
2021-05-07,600489,9.02,9.33,9.55,9.02,1177764,1097393952.0,6.04,6.26,0.55,3.22,9.299999999999999
2021-05-10,600489,9.62,9.86,9.97,9.5,1247072,1219277568.0,5.04,5.68,0.53,3.41,9.776666666666666
2021-05-11,600489,9.5,9.5,9.63,9.23,816681,769919312.0,4.06,-3.65,-0.36,1.87,9.453333333333333
2021-05-12,600489,9.45,9.56,9.58,9.42,443630,421426448.0,1.68,0.63,0.06,1.02,9.520000000000001
2021-05-13,600489,9.25,9.24,9.5,9.14,590984,548282576.0,3.77,-3.35,-0.32,1.35,9.293333333333335
2021-05-14,600489,9.25,9.25,9.32,9.11,497369,457825632.0,2.27,0.11,0.01,1.14,9.226666666666667
2021-05-17,600489,9.44,9.42,9.56,9.31,563563,531746016.0,2.7,1.84,0.17,1.29,9.43
2021-05-18,600489,9.7,9.54,9.8,9.5,531330,512835856.0,3.18,1.27,0.12,1.22,9.613333333333333
2021-05-19,600489,9.42,9.42,9.51,9.21,459274,428410992.0,3.14,-1.26,-0.12,1.05,9.38
2021-05-20,600489,9.25,9.26,9.35,9.09,438774,404128704.0,2.76,-1.7,-0.16,1.01,9.233333333333333
2021-05-21,600489,9.23,9.25,9.38,9.19,349982,325211472.0,2.05,-0.11,-0.01,0.8,9.273333333333333
2021-05-24,600489,9.28,9.36,9.46,9.24,414628,388079008.0,2.38,1.19,0.11,0.95,9.353333333333333
2021-05-25,600489,9.22,9.34,9.36,9.06,513251,472733632.0,3.21,-0.21,-0.02,1.18,9.253333333333334
2021-05-26,600489,9.45,10.22,10.27,9.44,1714145,1716044560.0,8.89,9.42,0.88,3.93,9.976666666666667
2021-05-27,600489,9.88,9.75,9.96,9.68,1189017,1164017056.0,2.74,-4.6,-0.47,2.73,9.796666666666667
2021-05-28,600489,9.75,9.55,9.78,9.5,653411,628076576.0,2.87,-2.05,-0.2,1.5,9.610000000000001
2021-05-31,600489,9.62,9.74,9.84,9.58,670985,651698288.0,2.72,1.99,0.19,1.54,9.72
2021-06-01,600489,9.74,9.89,9.96,9.62,696065,683780416.0,3.49,1.54,0.15,1.6,9.823333333333332
2021-06-02,600489,9.7,9.54,9.71,9.53,561227,539284288.0,1.82,-3.54,-0.35,1.29,9.593333333333334
2021-06-03,600489,9.58,9.47,9.65,9.41,391825,373983584.0,2.52,-0.73,-0.07,0.9,9.51
2021-06-04,600489,9.16,9.29,9.4,9.12,507714,468799744.0,2.96,-1.9,-0.18,1.16,9.27
2021-06-07,600489,9.4,9.35,9.42,9.29,266683,248868276.0,1.4,0.65,0.06,0.61,9.353333333333333
2021-06-08,600489,9.44,9.28,9.48,9.23,280850,262354748.0,2.67,-0.75,-0.07,0.64,9.33
2021-06-09,600489,9.25,9.28,9.38,9.24,203419,189164913.0,1.51,0.0,0.0,0.47,9.299999999999999
2021-06-10,600489,9.25,9.14,9.27,9.12,352794,323721936.0,1.62,-1.51,-0.14,0.81,9.176666666666668
2021-06-11,600489,9.21,9.31,9.35,9.15,478123,442470512.0,2.19,1.86,0.17,1.1,9.270000000000001
2021-06-15,600489,9.08,9.02,9.08,8.89,473911,424533200.0,2.04,-3.11,-0.29,1.09,8.996666666666666
2021-06-16,600489,8.92,8.91,9.06,8.87,293411,262356947.0,2.11,-1.22,-0.11,0.67,8.946666666666667
2021-06-17,600489,8.63,8.84,8.87,8.62,372335,325389920.0,2.81,-0.79,-0.07,0.85,8.776666666666666
2021-06-18,600489,8.66,8.83,8.87,8.63,273234,239576529.0,2.71,-0.11,-0.01,0.63,8.776666666666666
2021-06-21,600489,8.79,8.79,8.82,8.68,235208,205828273.0,1.59,-0.45,-0.04,0.54,8.763333333333334
2021-06-22,600489,8.8,8.83,8.88,8.75,213452,188060695.0,1.48,0.46,0.04,0.49,8.82
2021-06-23,600489,8.81,8.86,8.88,8.73,193101,170209641.0,1.7,0.34,0.03,0.44,8.823333333333332
2021-06-24,600489,8.82,8.8,8.85,8.74,142633,125485787.0,1.24,-0.68,-0.06,0.33,8.796666666666667
2021-06-25,600489,8.8,8.92,8.94,8.76,226563,201010478.0,2.05,1.36,0.12,0.52,8.873333333333333
2021-06-28,600489,8.87,8.8,8.89,8.78,200302,176536911.0,1.23,-1.35,-0.12,0.46,8.823333333333334
2021-06-29,600489,8.76,8.62,8.78,8.62,252900,219406943.0,1.82,-2.05,-0.18,0.58,8.673333333333332
2021-06-30,600489,8.58,8.62,8.63,8.52,159854,137253130.0,1.28,0.0,0.0,0.37,8.589999999999998
2021-07-01,600489,8.65,8.7,8.76,8.57,198984,172790192.0,2.2,0.93,0.08,0.46,8.676666666666666
2021-07-02,600489,8.66,8.67,8.77,8.62,157824,137074693.0,1.72,-0.34,-0.03,0.36,8.686666666666667
2021-07-05,600489,8.72,8.74,8.78,8.69,183479,159972019.0,1.04,0.81,0.07,0.42,8.736666666666666
2021-07-06,600489,8.75,8.89,8.9,8.68,313124,275978368.0,2.52,1.72,0.15,0.72,8.823333333333332
2021-07-07,600489,8.81,8.82,8.85,8.73,288081,253157455.0,1.35,-0.79,-0.07,0.66,8.799999999999999
2021-07-08,600489,8.83,8.58,8.84,8.55,363790,315247888.0,3.29,-2.72,-0.24,0.83,8.656666666666666
2021-07-09,600489,8.61,8.75,8.82,8.59,478236,416744016.0,2.68,1.98,0.17,1.1,8.72
2021-07-12,600489,8.84,8.73,8.95,8.7,479826,422377872.0,2.86,-0.23,-0.02,1.1,8.793333333333333
2021-07-13,600489,8.74,8.69,8.76,8.62,334499,290069648.0,1.6,-0.46,-0.04,0.77,8.69
2021-07-14,600489,8.69,8.6,8.71,8.57,272010,234342823.0,1.61,-1.04,-0.09,0.62,8.626666666666667
2021-07-15,600489,8.5,8.52,8.52,8.38,353645,299464272.0,1.63,-0.93,-0.08,0.81,8.473333333333333
2021-07-16,600489,8.5,8.57,8.7,8.46,310977,266514907.0,2.82,0.59,0.05,0.71,8.576666666666666
2021-07-19,600489,8.5,8.41,8.5,8.4,294917,248944752.0,1.17,-1.87,-0.16,0.68,8.436666666666666
2021-07-20,600489,8.4,8.46,8.52,8.39,223463,188887721.0,1.55,0.59,0.05,0.51,8.456666666666667
2021-07-21,600489,8.41,8.46,8.48,8.4,204904,173057597.0,0.95,0.0,0.0,0.47,8.446666666666667
2021-07-22,600489,8.43,8.55,8.59,8.4,331474,282042272.0,2.25,1.06,0.09,0.76,8.513333333333334
2021-07-23,600489,8.54,8.68,8.8,8.51,499001,432955392.0,3.39,1.52,0.13,1.14,8.663333333333334
2021-07-26,600489,8.67,8.53,8.7,8.4,504169,431398768.0,3.46,-1.73,-0.15,1.16,8.543333333333335
2021-07-27,600489,8.53,8.54,8.79,8.52,842397,729386432.0,3.17,0.12,0.01,1.93,8.616666666666665
2021-07-28,600489,8.53,8.07,8.54,7.97,678074,551000784.0,6.67,-5.5,-0.47,1.55,8.193333333333333
2021-07-29,600489,8.16,8.2,8.28,8.1,403221,329971296.0,2.23,1.61,0.13,0.92,8.193333333333333
2021-07-30,600489,8.24,8.2,8.3,8.08,401967,329397968.0,2.68,0.0,0.0,0.92,8.193333333333333
2021-08-02,600489,8.15,8.24,8.3,8.1,464610,381134096.0,2.44,0.49,0.04,1.06,8.213333333333333
2021-08-03,600489,8.16,8.09,8.22,8.05,424848,345382704.0,2.06,-1.82,-0.15,0.97,8.120000000000001
2021-08-04,600489,8.04,8.15,8.15,8.04,263819,213846310.0,1.36,0.74,0.06,0.6,8.113333333333332
2021-08-05,600489,8.1,8.07,8.12,8.05,235555,190395102.0,0.86,-0.98,-0.08,0.54,8.08
2021-08-06,600489,8.05,8.12,8.18,8.02,389373,315458160.0,1.98,0.62,0.05,0.89,8.106666666666667
2021-08-09,600489,7.9,8.04,8.05,7.81,460752,364995760.0,2.96,-0.99,-0.08,1.06,7.966666666666666
2021-08-10,600489,7.98,8.05,8.05,7.96,227264,182172499.0,1.12,0.12,0.01,0.52,8.020000000000001
2021-08-11,600489,8.04,8.14,8.18,8.02,350849,285070832.0,1.99,1.12,0.09,0.8,8.113333333333333
2021-08-12,600489,8.19,8.3,8.42,8.18,894667,742947840.0,2.95,1.97,0.16,2.05,8.3
2021-08-13,600489,8.25,8.27,8.35,8.2,570211,471016816.0,1.81,-0.36,-0.03,1.31,8.273333333333332
2021-08-16,600489,8.4,8.22,8.47,8.19,755603,628410576.0,3.39,-0.6,-0.05,1.73,8.293333333333335
2021-08-17,600489,8.23,8.22,8.35,8.16,594600,490252800.0,2.31,0.0,0.0,1.36,8.243333333333332
2021-08-18,600489,8.16,8.19,8.21,8.11,428758,349872368.0,1.22,-0.36,-0.03,0.98,8.17
2021-08-19,600489,8.13,8.08,8.23,8.04,538712,436642064.0,2.32,-1.34,-0.11,1.23,8.116666666666667
2021-08-20,600489,8.06,8.16,8.16,8.01,461478,373487456.0,1.86,0.99,0.08,1.06,8.110000000000001
2021-08-23,600489,8.13,8.27,8.3,8.09,467264,384585632.0,2.57,1.35,0.11,1.07,8.22
2021-08-24,600489,8.32,8.39,8.45,8.28,615137,514285600.0,2.06,1.45,0.12,1.41,8.373333333333333
2021-08-25,600489,8.37,8.42,8.44,8.26,524007,438060576.0,2.15,0.36,0.03,1.2,8.373333333333333
2021-08-26,600489,8.39,8.56,8.7,8.37,877709,752566096.0,3.92,1.66,0.14,2.01,8.543333333333335
2021-08-27,600489,8.59,8.82,8.84,8.57,811444,707387360.0,3.15,3.04,0.26,1.86,8.743333333333334
2021-08-30,600489,8.95,8.86,9.01,8.72,872529,771952320.0,3.29,0.45,0.04,2.0,8.863333333333333
2021-08-31,600489,8.69,8.74,8.75,8.51,845869,729761424.0,2.71,-1.35,-0.12,1.94,8.666666666666666
2021-09-01,600489,8.68,8.67,8.91,8.53,793806,691381056.0,4.35,-0.8,-0.07,1.82,8.703333333333333
2021-09-02,600489,8.64,8.76,8.84,8.6,734044,640150128.0,2.77,1.04,0.09,1.68,8.733333333333333
2021-09-03,600489,8.72,8.89,9.09,8.67,966329,860526272.0,4.79,1.48,0.13,2.22,8.883333333333333
2021-09-06,600489,8.98,8.87,9.01,8.75,654726,579753968.0,2.92,-0.22,-0.02,1.5,8.876666666666665
2021-09-07,600489,8.84,8.87,8.92,8.75,590440,522354960.0,1.92,0.0,0.0,1.35,8.846666666666666
2021-09-08,600489,8.77,8.99,9.04,8.68,916610,815336944.0,4.06,1.35,0.12,2.1,8.903333333333334
2021-09-09,600489,8.9,9.2,9.31,8.84,1238275,1126411472.0,5.23,2.34,0.21,2.84,9.116666666666665
2021-09-10,600489,9.15,9.26,9.59,9.12,1177843,1103668960.0,5.11,0.65,0.06,2.7,9.323333333333332
2021-09-13,600489,9.38,9.73,9.93,9.2,1550181,1479353696.0,7.88,5.08,0.47,3.55,9.62
2021-09-14,600489,9.6,9.19,9.6,9.18,1024997,962488160.0,4.32,-5.55,-0.54,2.35,9.323333333333332
2021-09-15,600489,9.21,9.31,9.46,9.2,706094,659669136.0,2.83,1.31,0.12,1.62,9.323333333333332
2021-09-16,600489,9.29,9.1,9.53,9.1,872634,814318368.0,4.62,-2.26,-0.21,2.0,9.243333333333332
2021-09-17,600489,8.91,8.78,9.07,8.6,964509,849571584.0,5.16,-3.52,-0.32,2.21,8.816666666666668
2021-09-22,600489,8.68,8.85,8.9,8.66,466181,410120816.0,2.73,0.8,0.07,1.07,8.803333333333335
2021-09-23,600489,8.8,8.76,8.9,8.7,520554,457425120.0,2.26,-1.02,-0.09,1.19,8.786666666666667
2021-09-24,600489,8.65,8.48,8.76,8.46,741935,636138800.0,3.42,-3.2,-0.28,1.7,8.566666666666666
2021-09-27,600489,8.5,8.34,8.51,8.2,483382,403114080.0,3.66,-1.65,-0.14,1.11,8.35
2021-09-28,600489,8.3,8.32,8.38,8.27,290013,241436202.0,1.32,-0.24,-0.02,0.66,8.323333333333332
2021-09-29,600489,8.27,8.39,8.52,8.23,588880,495530704.0,3.49,0.84,0.07,1.35,8.38
2021-09-30,600489,8.3,8.37,8.41,8.3,307326,256833116.0,1.31,-0.24,-0.02,0.7,8.36
2021-10-08,600489,8.44,8.5,8.54,8.4,330986,280436416.0,1.67,1.55,0.13,0.76,8.479999999999999
2021-10-11,600489,8.47,8.62,8.71,8.47,446677,384874416.0,2.82,1.41,0.12,1.02,8.6
2021-10-12,600489,8.58,8.49,8.58,8.4,328961,279111952.0,2.09,-1.51,-0.13,0.75,8.49
2021-10-13,600489,8.48,8.44,8.48,8.35,197881,166353028.0,1.53,-0.59,-0.05,0.45,8.423333333333332
2021-10-14,600489,8.62,8.71,8.9,8.62,714967,625514368.0,3.32,3.2,0.27,1.64,8.743333333333334
2021-10-15,600489,8.66,8.68,8.87,8.64,489048,427472496.0,2.64,-0.34,-0.03,1.12,8.729999999999999
2021-10-18,600489,8.62,8.75,8.8,8.51,389842,338368672.0,3.34,0.81,0.07,0.89,8.686666666666667
2021-10-19,600489,8.71,8.94,8.98,8.63,561159,495362160.0,4.0,2.17,0.19,1.29,8.85
2021-10-20,600489,8.8,8.76,8.84,8.68,390144,341086160.0,1.79,-2.01,-0.18,0.89,8.76
2021-10-21,600489,8.83,8.78,8.95,8.73,468976,414798896.0,2.51,0.23,0.02,1.07,8.82
2021-10-22,600489,8.73,8.66,8.78,8.6,377296,326823744.0,2.05,-1.37,-0.12,0.86,8.68
2021-10-25,600489,8.65,8.7,8.72,8.52,301334,259882336.0,2.31,0.46,0.04,0.69,8.646666666666667
2021-10-26,600489,8.72,8.67,8.78,8.61,239700,208247244.0,1.95,-0.34,-0.03,0.55,8.686666666666667
2021-10-27,600489,8.56,8.4,8.58,8.35,367483,310409920.0,2.65,-3.11,-0.27,0.84,8.443333333333333
2021-10-28,600489,8.41,8.29,8.41,8.25,337354,280005056.0,1.9,-1.31,-0.11,0.77,8.316666666666666
2021-10-29,600489,8.3,8.32,8.34,8.25,216546,179811017.0,1.09,0.36,0.03,0.5,8.303333333333333
2021-11-01,600489,8.31,8.28,8.37,8.25,269164,223386772.0,1.44,-0.48,-0.04,0.62,8.299999999999999
2021-11-02,600489,8.31,8.52,8.64,8.21,583361,491355408.0,5.19,2.9,0.24,1.34,8.456666666666667
2021-11-03,600489,8.38,8.44,8.47,8.33,277819,233264596.0,1.64,-0.94,-0.08,0.64,8.413333333333334
2021-11-04,600489,8.37,8.35,8.41,8.32,264289,220821014.0,1.07,-1.07,-0.09,0.61,8.36
2021-11-05,600489,8.41,8.4,8.52,8.36,318628,268716544.0,1.92,0.6,0.05,0.73,8.426666666666668
2021-11-08,600489,8.57,8.56,8.63,8.45,382383,326933648.0,2.14,1.9,0.16,0.88,8.546666666666667
2021-11-09,600489,8.57,8.55,8.62,8.48,246880,210471644.0,1.64,-0.12,-0.01,0.57,8.55
2021-11-10,600489,8.58,8.58,8.69,8.53,329061,283013040.0,1.87,0.35,0.03,0.75,8.6
2021-11-11,600489,8.73,8.73,8.78,8.6,570843,496530656.0,2.1,1.75,0.15,1.31,8.703333333333333
2021-11-12,600489,8.72,8.67,8.83,8.62,433850,377533696.0,2.41,-0.69,-0.06,0.99,8.706666666666665
2021-11-15,600489,8.64,8.58,8.71,8.55,305384,262565888.0,1.85,-1.04,-0.09,0.7,8.613333333333335
2021-11-16,600489,8.59,8.52,8.63,8.48,263775,225753983.0,1.75,-0.7,-0.06,0.6,8.543333333333333
2021-11-17,600489,8.42,8.46,8.46,8.38,272729,229798284.0,0.94,-0.7,-0.06,0.63,8.433333333333335
2021-11-18,600489,8.5,8.45,8.52,8.44,193677,164160160.0,0.95,-0.12,-0.01,0.44,8.47
2021-11-19,600489,8.44,8.47,8.48,8.39,196808,166085190.0,1.07,0.24,0.02,0.45,8.446666666666667
2021-11-22,600489,8.41,8.45,8.46,8.39,232755,196100156.0,0.83,-0.24,-0.02,0.53,8.433333333333334
2021-11-23,600489,8.36,8.46,8.49,8.35,257653,217562850.0,1.66,0.12,0.01,0.59,8.433333333333334
2021-11-24,600489,8.42,8.4,8.44,8.37,283778,238252156.0,0.83,-0.71,-0.06,0.65,8.403333333333334
2021-11-25,600489,8.4,8.44,8.45,8.39,200428,168859722.0,0.71,0.48,0.04,0.46,8.426666666666668
2021-11-26,600489,8.43,8.43,8.44,8.37,202731,170353332.0,0.83,-0.12,-0.01,0.46,8.413333333333332
2021-11-29,600489,8.42,8.29,8.42,8.27,390417,325078160.0,1.78,-1.66,-0.14,0.89,8.326666666666666
2021-11-30,600489,8.26,8.33,8.34,8.25,303616,252006203.0,1.09,0.48,0.04,0.7,8.306666666666667
2021-12-01,600489,8.28,8.31,8.33,8.24,298453,247014658.0,1.08,-0.24,-0.02,0.68,8.293333333333335
2021-12-02,600489,8.3,8.28,8.33,8.26,234945,194691019.0,0.84,-0.36,-0.03,0.54,8.29
2021-12-03,600489,8.27,8.3,8.31,8.24,207147,171368944.0,0.85,0.24,0.02,0.47,8.283333333333333
2021-12-06,600489,8.32,8.3,8.35,8.28,255571,212646364.0,0.84,0.0,0.0,0.59,8.31
2021-12-07,600489,8.31,8.33,8.33,8.27,209211,173599027.0,0.72,0.36,0.03,0.48,8.31
2021-12-08,600489,8.33,8.39,8.4,8.31,276912,231827947.0,1.08,0.72,0.06,0.63,8.366666666666667
2021-12-09,600489,8.35,8.41,8.43,8.35,303076,254282772.0,0.95,0.24,0.02,0.69,8.396666666666667
2021-12-10,600489,8.35,8.16,8.38,8.16,670400,555747984.0,2.62,-2.97,-0.25,1.54,8.233333333333333
2021-12-13,600489,8.24,8.29,8.3,8.2,338535,279326256.0,1.23,1.59,0.13,0.78,8.263333333333334
2021-12-14,600489,8.24,8.26,8.29,8.22,177608,146476292.0,0.84,-0.36,-0.03,0.41,8.256666666666666
2021-12-15,600489,8.22,8.23,8.25,8.2,238346,195857193.0,0.61,-0.36,-0.03,0.55,8.226666666666667
2021-12-16,600489,8.24,8.26,8.29,8.23,252926,208694939.0,0.73,0.36,0.03,0.58,8.26
2021-12-17,600489,8.35,8.31,8.35,8.28,344308,286248208.0,0.85,0.61,0.05,0.79,8.313333333333333
2021-12-20,600489,8.26,8.23,8.28,8.21,250997,206848317.0,0.84,-0.96,-0.08,0.58,8.24
2021-12-21,600489,8.21,8.26,8.27,8.2,217227,178930891.0,0.85,0.36,0.03,0.5,8.243333333333332
2021-12-22,600489,8.25,8.25,8.27,8.23,185793,153206633.0,0.48,-0.12,-0.01,0.43,8.25
2021-12-23,600489,8.26,8.26,8.28,8.24,221136,182714892.0,0.48,0.12,0.01,0.51,8.26
2021-12-24,600489,8.27,8.25,8.28,8.2,237714,195578221.0,0.97,-0.12,-0.01,0.54,8.243333333333332
2021-12-27,600489,8.25,8.23,8.25,8.21,180091,148141470.0,0.48,-0.24,-0.02,0.41,8.23
2021-12-28,600489,8.24,8.24,8.25,8.19,182864,150367628.0,0.73,0.12,0.01,0.42,8.226666666666667
2021-12-29,600489,8.21,8.21,8.23,8.2,159923,131309304.0,0.36,-0.36,-0.03,0.37,8.213333333333333
2021-12-30,600489,8.2,8.19,8.22,8.17,260653,213688019.0,0.61,-0.24,-0.02,0.6,8.193333333333333
2021-12-31,600489,8.22,8.23,8.24,8.19,228199,187533632.0,0.61,0.49,0.04,0.52,8.22
2022-01-04,600489,8.2,8.27,8.29,8.2,321692,265423967.0,1.09,0.49,0.04,0.74,8.253333333333332
2022-01-05,600489,8.27,8.29,8.34,8.25,357948,297014480.0,1.09,0.24,0.02,0.82,8.293333333333333
2022-01-06,600489,8.29,8.26,8.29,8.24,202736,167489634.0,0.6,-0.36,-0.03,0.46,8.263333333333334
2022-01-07,600489,8.24,8.29,8.31,8.24,255478,211453638.0,0.85,0.36,0.03,0.59,8.28
2022-01-10,600489,8.28,8.33,8.33,8.27,237324,197290711.0,0.72,0.48,0.04,0.54,8.31
2022-01-11,600489,8.32,8.34,8.36,8.29,247701,206371431.0,0.84,0.12,0.01,0.57,8.33
2022-01-12,600489,8.37,8.36,8.38,8.31,278742,232681173.0,0.84,0.24,0.02,0.64,8.35
2022-01-13,600489,8.36,8.37,8.48,8.35,465562,392187648.0,1.56,0.12,0.01,1.07,8.399999999999999
2022-01-14,600489,8.35,8.28,8.36,8.26,297527,246791761.0,1.19,-1.08,-0.09,0.68,8.299999999999999
2022-01-17,600489,8.24,8.24,8.27,8.22,209604,172828333.0,0.6,-0.48,-0.04,0.48,8.243333333333334
2022-01-18,600489,8.25,8.25,8.28,8.22,177853,146675557.0,0.73,0.12,0.01,0.41,8.25
2022-01-19,600489,8.23,8.26,8.27,8.22,192279,158407909.0,0.61,0.12,0.01,0.44,8.25
2022-01-20,600489,8.34,8.32,8.44,8.32,441228,369217936.0,1.45,0.73,0.06,1.01,8.36
2022-01-21,600489,8.25,8.29,8.31,8.24,217229,179880561.0,0.84,-0.36,-0.03,0.5,8.28
2022-01-24,600489,8.27,8.24,8.27,8.22,191550,157791661.0,0.6,-0.6,-0.05,0.44,8.243333333333334
2022-01-25,600489,8.27,8.47,8.49,8.27,1103037,927923344.0,2.67,2.79,0.23,2.53,8.409999999999998
2022-01-26,600489,8.38,8.41,8.49,8.25,720642,603486544.0,2.83,-0.71,-0.06,1.65,8.383333333333335
2022-01-27,600489,8.26,7.87,8.29,7.85,995711,797215600.0,5.23,-6.42,-0.54,2.28,8.003333333333334
2022-01-28,600489,7.82,7.91,7.99,7.69,441772,345991408.0,3.81,0.51,0.04,1.01,7.863333333333333
2022-02-07,600489,7.98,7.98,8.02,7.91,239026,190517037.0,1.39,0.88,0.07,0.55,7.97
2022-02-08,600489,7.99,8.07,8.08,7.98,261027,209579528.0,1.25,1.13,0.09,0.6,8.043333333333335
2022-02-09,600489,8.08,8.13,8.15,8.06,263260,213688709.0,1.12,0.74,0.06,0.6,8.113333333333335
2022-02-10,600489,8.16,8.18,8.22,8.1,356679,291062032.0,1.48,0.62,0.05,0.82,8.166666666666666
2022-02-11,600489,8.1,8.07,8.16,8.05,260466,210908633.0,1.34,-1.34,-0.11,0.6,8.093333333333334
2022-02-14,600489,8.19,8.2,8.38,8.18,635482,525452480.0,2.48,1.61,0.13,1.46,8.253333333333334
2022-02-15,600489,8.3,8.25,8.34,8.2,366947,303143216.0,1.71,0.61,0.05,0.84,8.263333333333334
2022-02-16,600489,8.06,8.13,8.14,7.95,396923,320101136.0,2.3,-1.45,-0.12,0.91,8.073333333333332
2022-02-17,600489,8.16,8.41,8.45,8.12,826767,686588128.0,4.06,3.44,0.28,1.9,8.326666666666666
2022-02-18,600489,8.51,8.34,8.54,8.27,649828,542395792.0,3.21,-0.83,-0.07,1.49,8.383333333333333
2022-02-21,600489,8.33,8.31,8.4,8.28,360024,299769184.0,1.44,-0.36,-0.03,0.83,8.33
2022-02-22,600489,8.42,8.58,8.62,8.42,1233645,1051611232.0,2.41,3.25,0.27,2.83,8.54
2022-02-23,600489,8.44,8.33,8.44,8.31,725561,605477904.0,1.52,-2.91,-0.25,1.66,8.36
2022-02-24,600489,8.39,9.0,9.15,8.34,2550772,2257792512.0,9.72,8.04,0.67,5.85,8.83
2022-02-25,600489,8.57,8.7,8.85,8.52,1562879,1355111856.0,3.67,-3.33,-0.3,3.58,8.69
2022-02-28,600489,8.74,8.74,8.99,8.64,1192603,1048698720.0,4.02,0.46,0.04,2.73,8.790000000000001
2022-03-01,600489,8.64,8.68,8.73,8.55,848367,731497056.0,2.06,-0.69,-0.06,1.94,8.653333333333334
2022-03-02,600489,8.81,8.71,8.88,8.66,737237,644036368.0,2.53,0.35,0.03,1.69,8.75
2022-03-03,600489,8.62,8.72,8.75,8.61,662097,575733104.0,1.61,0.11,0.01,1.52,8.693333333333333
2022-03-04,600489,8.75,8.55,8.77,8.52,636594,549444640.0,2.87,-1.95,-0.17,1.46,8.613333333333333
2022-03-07,600489,8.76,8.67,8.91,8.63,1222965,1073645840.0,3.27,1.4,0.12,2.8,8.736666666666666
2022-03-08,600489,8.57,8.72,8.72,8.34,951363,816449632.0,4.38,0.58,0.05,2.18,8.593333333333334
2022-03-09,600489,8.8,8.75,8.99,8.57,1588890,1398848704.0,4.82,0.34,0.03,3.64,8.770000000000001
2022-03-10,600489,8.4,8.59,8.67,8.36,915794,782977440.0,3.54,-1.83,-0.16,2.1,8.540000000000001
2022-03-11,600489,8.53,8.47,8.6,8.25,836038,705369040.0,4.07,-1.4,-0.12,1.92,8.44
2022-03-14,600489,8.35,8.29,8.55,8.27,559258,470643456.0,3.31,-2.13,-0.18,1.28,8.37
2022-03-15,600489,8.18,7.5,8.19,7.46,1255881,976609744.0,8.81,-9.53,-0.79,2.88,7.716666666666666
2022-03-16,600489,7.54,7.56,7.59,7.19,755282,558733440.0,5.33,0.8,0.06,1.73,7.446666666666666
2022-03-17,600489,7.59,7.65,7.76,7.53,538873,412555120.0,3.04,1.19,0.09,1.24,7.646666666666666
2022-03-18,600489,7.65,7.72,7.74,7.57,479938,367739456.0,2.22,0.92,0.07,1.1,7.676666666666667
2022-03-21,600489,7.65,7.79,7.84,7.64,434031,335953424.0,2.59,0.91,0.07,0.99,7.756666666666667
2022-03-22,600489,7.75,7.9,7.96,7.72,501741,394858640.0,3.08,1.41,0.11,1.15,7.859999999999999
2022-03-23,600489,7.81,7.84,7.89,7.79,270707,212166524.0,1.27,-0.76,-0.06,0.62,7.84
2022-03-24,600489,7.91,8.01,8.09,7.87,529764,421992544.0,2.81,2.17,0.17,1.21,7.989999999999999
2022-03-25,600489,8.0,8.01,8.25,7.99,659114,535599760.0,3.25,0.0,0.0,1.51,8.083333333333334
2022-03-28,600489,8.0,8.06,8.21,7.88,563976,456203536.0,4.12,0.62,0.05,1.29,8.049999999999999
2022-03-29,600489,7.95,8.01,8.12,7.92,320169,257261746.0,2.48,-0.62,-0.05,0.73,8.016666666666666
2022-03-30,600489,7.95,7.98,7.99,7.85,383163,303222704.0,1.75,-0.37,-0.03,0.88,7.94
2022-03-31,600489,7.94,7.89,7.96,7.86,348271,275541264.0,1.25,-1.13,-0.09,0.8,7.903333333333333
2022-04-01,600489,7.89,7.92,7.92,7.83,280268,220749259.0,1.14,0.38,0.03,0.64,7.890000000000001
2022-04-06,600489,7.85,7.95,7.97,7.84,292135,231173434.0,1.64,0.38,0.03,0.67,7.919999999999999
2022-04-07,600489,7.91,7.8,7.97,7.79,288754,227014708.0,2.26,-1.89,-0.15,0.66,7.853333333333333
2022-04-08,600489,7.82,8.17,8.25,7.82,962590,778825936.0,5.51,4.74,0.37,2.21,8.08
2022-04-11,600489,8.18,8.21,8.43,8.15,948568,787458096.0,3.43,0.49,0.04,2.17,8.263333333333334
2022-04-12,600489,8.21,8.3,8.35,8.09,532134,438599376.0,3.17,1.1,0.09,1.22,8.246666666666666
2022-04-13,600489,8.38,8.38,8.49,8.3,615080,516974576.0,2.29,0.96,0.08,1.41,8.39
2022-04-14,600489,8.36,8.44,8.52,8.28,603163,509251216.0,2.86,0.72,0.06,1.38,8.413333333333332
2022-04-15,600489,8.36,8.27,8.45,8.19,533986,443906496.0,3.08,-2.01,-0.17,1.22,8.303333333333333
2022-04-18,600489,8.35,8.31,8.38,8.21,349536,289526528.0,2.06,0.48,0.04,0.8,8.300000000000002
2022-04-19,600489,8.2,8.29,8.35,8.18,297705,245687970.0,2.05,-0.24,-0.02,0.68,8.273333333333333
2022-04-20,600489,8.15,7.96,8.25,7.95,460946,372328672.0,3.62,-3.98,-0.33,1.06,8.053333333333333
2022-04-21,600489,7.91,7.63,7.94,7.58,539522,417264496.0,4.52,-4.15,-0.33,1.24,7.716666666666666
2022-04-22,600489,7.61,7.55,7.65,7.41,519931,390975920.0,3.15,-1.05,-0.08,1.19,7.536666666666666
2022-04-25,600489,7.39,7.11,7.42,7.1,646131,469058320.0,4.24,-5.83,-0.44,1.48,7.21
2022-04-26,600489,7.11,6.86,7.12,6.8,504303,352332128.0,4.5,-3.52,-0.25,1.16,6.926666666666667
2022-04-27,600489,6.8,7.01,7.02,6.72,387152,266937566.0,4.37,2.19,0.15,0.89,6.916666666666667
2022-04-28,600489,6.94,6.86,6.96,6.75,492163,337240432.0,3.0,-2.14,-0.15,1.13,6.8566666666666665
2022-04-29,600489,6.91,7.22,7.24,6.91,494768,351255856.0,4.81,5.25,0.36,1.13,7.123333333333334
2022-05-05,600489,7.15,7.22,7.27,7.11,324682,233971280.0,2.22,0.0,0.0,0.74,7.199999999999999
2022-05-06,600489,7.06,7.04,7.09,6.97,322478,226846880.0,1.66,-2.49,-0.18,0.74,7.033333333333332
2022-05-09,600489,7.0,7.09,7.12,6.98,211627,149332093.0,1.99,0.71,0.05,0.49,7.0633333333333335
2022-05-10,600489,7.01,7.12,7.12,6.94,223048,157193662.0,2.54,0.42,0.03,0.51,7.06
2022-05-11,600489,7.06,7.1,7.15,7.03,397541,282080544.0,1.69,-0.28,-0.02,0.91,7.093333333333334
2022-05-12,600489,7.08,7.05,7.1,7.0,249872,176132190.0,1.41,-0.7,-0.05,0.57,7.05
2022-05-13,600489,7.01,7.08,7.09,7.01,202473,142894580.0,1.13,0.43,0.03,0.46,7.06
2022-05-16,600489,7.08,7.05,7.1,7.04,189762,134000038.0,0.85,-0.42,-0.03,0.43,7.0633333333333335
2022-05-17,600489,7.08,7.08,7.09,7.02,179262,126546336.0,0.99,0.43,0.03,0.41,7.063333333333333
2022-05-18,600489,7.05,7.03,7.07,7.0,200583,141031640.0,0.99,-0.71,-0.05,0.46,7.033333333333334
2022-05-19,600489,6.99,7.03,7.03,6.94,175657,122571720.0,1.28,0.0,0.0,0.4,7.0
2022-05-20,600489,7.09,7.14,7.14,7.07,308327,219162586.0,1.0,1.56,0.11,0.71,7.116666666666667
2022-05-23,600489,7.13,7.24,7.25,7.12,297490,214460452.0,1.82,1.4,0.1,0.68,7.203333333333333
2022-05-24,600489,7.22,7.03,7.25,7.03,311431,222075343.0,3.04,-2.9,-0.21,0.71,7.103333333333334
2022-05-25,600489,7.08,7.13,7.23,7.07,316537,226206453.0,2.28,1.42,0.1,0.73,7.1433333333333335
2022-05-26,600489,7.1,7.14,7.16,7.06,204696,145518509.0,1.4,0.14,0.01,0.47,7.12
2022-05-27,600489,7.15,7.14,7.19,7.1,216351,154710235.0,1.26,0.0,0.0,0.5,7.1433333333333335
2022-05-30,600489,7.14,7.18,7.19,7.12,193553,138538649.0,0.98,0.56,0.04,0.44,7.163333333333334
2022-05-31,600489,7.15,7.18,7.18,7.08,234560,167370519.0,1.39,0.0,0.0,0.54,7.146666666666666
2022-06-01,600489,7.14,7.12,7.15,7.07,264784,188295759.0,1.11,-0.84,-0.06,0.61,7.113333333333333
2022-06-02,600489,7.1,7.18,7.19,7.1,251379,179525572.0,1.26,0.84,0.06,0.58,7.156666666666666
2022-06-06,600489,7.17,7.23,7.25,7.14,305042,220041598.0,1.53,0.7,0.05,0.7,7.206666666666667
2022-06-07,600489,7.21,7.27,7.27,7.19,326904,236624671.0,1.11,0.55,0.04,0.75,7.243333333333333
2022-06-08,600489,7.27,7.3,7.32,7.2,305773,222267601.0,1.65,0.41,0.03,0.7,7.273333333333333
2022-06-09,600489,7.28,7.39,7.46,7.24,464784,341011312.0,3.01,1.23,0.09,1.07,7.363333333333333
2022-06-10,600489,7.29,7.36,7.37,7.26,343983,252000867.0,1.49,-0.41,-0.03,0.79,7.329999999999999
2022-06-13,600489,7.45,7.47,7.62,7.41,630078,472655472.0,2.85,1.49,0.11,1.44,7.5
2022-06-14,600489,7.31,7.43,7.45,7.26,411724,301877008.0,2.54,-0.54,-0.04,0.94,7.38
2022-06-15,600489,7.36,7.53,7.59,7.35,529660,396760000.0,3.23,1.35,0.1,1.21,7.489999999999999
2022-06-16,600489,7.53,7.48,7.61,7.47,385860,290179232.0,1.86,-0.66,-0.05,0.88,7.5200000000000005
2022-06-17,600489,7.55,7.61,7.74,7.54,723646,552229728.0,2.67,1.74,0.13,1.66,7.63
2022-06-20,600489,7.57,7.57,7.66,7.49,384386,290455872.0,2.23,-0.53,-0.04,0.88,7.573333333333333
2022-06-21,600489,7.52,7.43,7.55,7.36,314913,235022279.0,2.51,-1.85,-0.14,0.72,7.446666666666666
2022-06-22,600489,7.42,7.38,7.45,7.35,226025,167150330.0,1.35,-0.67,-0.05,0.52,7.3933333333333335
2022-06-23,600489,7.36,7.43,7.47,7.35,216461,160338073.0,1.63,0.68,0.05,0.5,7.416666666666667
2022-06-24,600489,7.38,7.41,7.44,7.35,213380,157784222.0,1.21,-0.27,-0.02,0.49,7.3999999999999995
2022-06-27,600489,7.47,7.52,7.56,7.44,349827,262313860.0,1.62,1.48,0.11,0.8,7.506666666666667
2022-06-28,600489,7.5,7.52,7.53,7.42,264660,198148486.0,1.46,0.0,0.0,0.61,7.489999999999999
2022-06-29,600489,7.53,7.4,7.53,7.39,285360,212446557.0,1.86,-1.6,-0.12,0.65,7.44
2022-06-30,600489,7.41,7.39,7.43,7.38,253862,187842289.0,0.68,-0.14,-0.01,0.58,7.3999999999999995
2022-07-01,600489,7.37,7.29,7.39,7.27,336877,246002660.0,1.62,-1.35,-0.1,0.77,7.316666666666666
2022-07-04,600489,7.32,7.37,7.38,7.29,189523,139141249.0,1.23,1.1,0.08,0.43,7.346666666666667
2022-07-05,600489,7.37,7.36,7.4,7.31,181134,133268906.0,1.22,-0.14,-0.01,0.42,7.3566666666666665
2022-07-06,600489,7.29,7.19,7.29,7.16,286868,207371337.0,1.77,-2.31,-0.17,0.66,7.213333333333334
2022-07-07,600489,7.16,7.25,7.27,7.16,178448,129149733.0,1.53,0.83,0.06,0.41,7.226666666666667
2022-07-08,600489,7.12,7.08,7.12,7.06,217980,154531554.0,0.83,-2.34,-0.17,0.5,7.086666666666666
2022-07-11,600489,7.06,7.01,7.08,7.0,164883,115746292.0,1.13,-0.99,-0.07,0.38,7.03
2022-07-12,600489,7.02,7.02,7.03,6.98,136484,95596446.0,0.71,0.14,0.01,0.31,7.010000000000001
2022-07-13,600489,6.98,7.02,7.03,6.97,161869,113443590.0,0.85,0.0,0.0,0.37,7.006666666666667
2022-07-14,600489,7.02,7.07,7.1,7.0,164382,115778234.0,1.42,0.71,0.05,0.38,7.0566666666666675
2022-07-15,600489,7.02,6.92,7.03,6.91,203850,142077874.0,1.7,-2.12,-0.15,0.47,6.953333333333333
2022-07-18,600489,6.91,7.03,7.03,6.91,164967,115405388.0,1.73,1.59,0.11,0.38,6.990000000000001
2022-07-19,600489,7.01,7.04,7.05,7.0,134281,94381703.0,0.71,0.14,0.01,0.31,7.03
2022-07-20,600489,7.06,7.09,7.1,7.04,180701,127857250.0,0.85,0.71,0.05,0.41,7.076666666666667
2022-07-21,600489,7.07,7.08,7.15,7.04,194049,137730400.0,1.55,-0.14,-0.01,0.44,7.090000000000001
2022-07-22,600489,7.12,7.06,7.14,7.02,174373,123412164.0,1.69,-0.28,-0.02,0.4,7.073333333333333
2022-07-25,600489,7.06,7.1,7.15,7.05,199578,141945314.0,1.42,0.57,0.04,0.46,7.099999999999999
2022-07-26,600489,7.09,7.11,7.13,7.07,139994,99385230.0,0.85,0.14,0.01,0.32,7.103333333333333
2022-07-27,600489,7.08,7.14,7.14,7.08,152360,108510274.0,0.84,0.42,0.03,0.35,7.12
2022-07-28,600489,7.17,7.17,7.26,7.15,266473,191740179.0,1.54,0.42,0.03,0.61,7.1933333333333325
2022-07-29,600489,7.24,7.24,7.27,7.18,278956,201406689.0,1.26,0.98,0.07,0.64,7.2299999999999995
2022-08-01,600489,7.24,7.18,7.26,7.17,207089,149288423.0,1.24,-0.83,-0.06,0.47,7.203333333333333
2022-08-02,600489,7.25,7.26,7.38,7.19,734880,534725216.0,2.65,1.11,0.08,1.68,7.276666666666666
2022-08-03,600489,7.05,7.11,7.24,7.02,508596,362825916.0,3.03,-2.07,-0.15,1.17,7.123333333333334
2022-08-04,600489,7.07,7.08,7.13,7.03,266344,188414577.0,1.41,-0.42,-0.03,0.61,7.080000000000001
2022-08-05,600489,7.12,7.32,7.34,7.12,611046,443105904.0,3.11,3.39,0.24,1.4,7.260000000000001
2022-08-08,600489,7.26,7.29,7.3,7.21,240357,174449137.0,1.23,-0.41,-0.03,0.55,7.266666666666667
2022-08-09,600489,7.28,7.3,7.32,7.25,212184,154670717.0,0.96,0.14,0.01,0.49,7.29
2022-08-10,600489,7.29,7.46,7.53,7.28,587619,438107993.0,3.42,2.19,0.16,1.35,7.423333333333333
2022-08-11,600489,7.4,7.37,7.46,7.35,428230,316049423.0,1.47,-1.21,-0.09,0.98,7.3933333333333335
2022-08-12,600489,7.36,7.43,7.51,7.33,358919,266923394.0,2.44,0.81,0.06,0.82,7.423333333333333
2022-08-15,600489,7.45,7.42,7.48,7.4,223261,165929695.0,1.08,-0.13,-0.01,0.51,7.433333333333334
2022-08-16,600489,7.36,7.35,7.4,7.34,243325,179194137.0,0.81,-0.94,-0.07,0.56,7.363333333333333
2022-08-17,600489,7.36,7.39,7.42,7.31,193083,141984772.0,1.5,0.54,0.04,0.44,7.373333333333334
2022-08-18,600489,7.35,7.27,7.37,7.25,218512,159292113.0,1.62,-1.62,-0.12,0.5,7.296666666666667
2022-08-19,600489,7.25,7.21,7.28,7.2,186688,135115408.0,1.1,-0.83,-0.06,0.43,7.23
2022-08-22,600489,7.19,7.24,7.27,7.14,183382,132191574.0,1.8,0.42,0.03,0.42,7.216666666666666
2022-08-23,600489,7.24,7.21,7.24,7.18,153904,110856705.0,0.83,-0.41,-0.03,0.35,7.21
2022-08-24,600489,7.22,7.13,7.26,7.12,239455,171889878.0,1.94,-1.11,-0.08,0.55,7.169999999999999
2022-08-25,600489,7.15,7.26,7.28,7.13,254633,183429406.0,2.1,1.82,0.13,0.58,7.223333333333334
2022-08-26,600489,7.25,7.27,7.28,7.22,175249,127139021.0,0.83,0.14,0.01,0.4,7.256666666666667
2022-08-29,600489,7.22,7.43,7.45,7.18,421577,309892007.0,3.71,2.2,0.16,0.97,7.353333333333333
2022-08-30,600489,7.44,7.45,7.54,7.43,366176,273810380.0,1.48,0.27,0.02,0.84,7.473333333333333
2022-08-31,600489,7.43,7.36,7.49,7.33,291863,215606293.0,2.15,-1.21,-0.09,0.67,7.3933333333333335
2022-09-01,600489,7.33,7.32,7.39,7.28,204777,150201692.0,1.49,-0.54,-0.04,0.47,7.330000000000001
2022-09-02,600489,7.32,7.29,7.35,7.24,177770,129258146.0,1.5,-0.41,-0.03,0.41,7.293333333333333
2022-09-05,600489,7.3,7.42,7.43,7.29,237351,175157285.0,1.92,1.78,0.13,0.54,7.38
2022-09-06,600489,7.43,7.52,7.54,7.42,327168,245391789.0,1.62,1.35,0.1,0.75,7.493333333333333
2022-09-07,600489,7.47,7.51,7.53,7.45,221264,165708388.0,1.06,-0.13,-0.01,0.51,7.496666666666667
2022-09-08,600489,7.56,7.69,7.76,7.5,545940,418272576.0,3.46,2.4,0.18,1.25,7.6499999999999995
2022-09-09,600489,7.65,7.78,7.83,7.63,485531,377280688.0,2.6,1.17,0.09,1.11,7.746666666666667
2022-09-13,600489,7.79,7.82,7.94,7.79,392916,308892607.0,1.93,0.51,0.04,0.9,7.8500000000000005
2022-09-14,600489,7.72,7.66,7.74,7.63,351700,270090384.0,1.41,-2.05,-0.16,0.81,7.676666666666667
2022-09-15,600489,7.65,7.52,7.69,7.47,358286,270872705.0,2.87,-1.83,-0.14,0.82,7.56
2022-09-16,600489,7.44,7.23,7.5,7.22,399619,292845410.0,3.72,-3.86,-0.29,0.92,7.316666666666666
2022-09-19,600489,7.26,7.23,7.33,7.2,289477,210646586.0,1.8,0.0,0.0,0.66,7.253333333333334
2022-09-20,600489,7.29,7.35,7.43,7.26,216165,158738218.0,2.35,1.66,0.12,0.5,7.346666666666667
2022-09-21,600489,7.3,7.46,7.51,7.24,237410,174899553.0,3.67,1.5,0.11,0.54,7.403333333333333
2022-09-22,600489,7.38,7.66,7.85,7.33,534720,410879688.0,6.97,2.68,0.2,1.23,7.613333333333333
2022-09-23,600489,7.64,7.61,7.72,7.52,280127,213310773.0,2.61,-0.65,-0.05,0.64,7.616666666666666
2022-09-26,600489,7.4,7.25,7.42,7.23,392866,287746567.0,2.5,-4.73,-0.36,0.9,7.3
2022-09-27,600489,7.26,7.29,7.33,7.13,286962,206837697.0,2.76,0.55,0.04,0.66,7.25
2022-09-28,600489,7.23,7.11,7.27,7.1,217700,156146090.0,2.33,-2.47,-0.18,0.5,7.16
2022-09-29,600489,7.23,7.21,7.28,7.17,257582,186349891.0,1.55,1.41,0.1,0.59,7.22
2022-09-30,600489,7.21,7.39,7.4,7.19,269332,197575166.0,2.91,2.5,0.18,0.62,7.326666666666667
2022-10-10,600489,7.39,7.31,7.47,7.28,274017,202281514.0,2.57,-1.08,-0.08,0.63,7.353333333333333
2022-10-11,600489,7.25,7.3,7.32,7.18,173008,125522290.0,1.92,-0.14,-0.01,0.4,7.266666666666667
2022-10-12,600489,7.26,7.43,7.46,7.23,227721,167312778.0,3.15,1.78,0.13,0.52,7.373333333333334
2022-10-13,600489,7.36,7.41,7.44,7.31,197364,145574696.0,1.75,-0.27,-0.02,0.45,7.386666666666667
2022-10-14,600489,7.38,7.49,7.5,7.35,232051,173165171.0,2.02,1.08,0.08,0.53,7.446666666666666
2022-10-17,600489,7.4,7.45,7.47,7.37,178550,132575260.0,1.34,-0.53,-0.04,0.41,7.43
2022-10-18,600489,7.45,7.48,7.5,7.33,248077,184113768.0,2.28,0.4,0.03,0.57,7.436666666666667
2022-10-19,600489,7.44,7.29,7.44,7.28,200413,147387052.0,2.14,-2.54,-0.19,0.46,7.336666666666667
2022-10-20,600489,7.22,7.26,7.32,7.2,161861,117301956.0,1.65,-0.41,-0.03,0.37,7.260000000000001
2022-10-21,600489,7.24,7.23,7.29,7.2,141513,102502299.0,1.24,-0.41,-0.03,0.32,7.239999999999999
2022-10-24,600489,7.28,7.41,7.59,7.26,600587,446978376.0,4.56,2.49,0.18,1.38,7.419999999999999
2022-10-25,600489,7.41,7.27,7.42,7.26,326583,238713326.0,2.16,-1.89,-0.14,0.75,7.316666666666666
2022-10-26,600489,7.29,7.49,7.5,7.27,288632,213476444.0,3.16,3.03,0.22,0.66,7.419999999999999
2022-10-27,600489,7.49,7.61,7.76,7.49,476759,364988056.0,3.6,1.6,0.12,1.09,7.62
2022-10-28,600489,7.6,7.52,7.74,7.49,445687,339176044.0,3.29,-1.18,-0.09,1.02,7.583333333333333
2022-10-31,600489,7.44,7.45,7.49,7.35,286931,213117441.0,1.86,-0.93,-0.07,0.66,7.43
2022-11-01,600489,7.42,7.6,7.6,7.4,248748,187086203.0,2.68,2.01,0.15,0.57,7.533333333333334
2022-11-02,600489,7.6,7.68,7.72,7.56,311588,238606983.0,2.11,1.05,0.08,0.71,7.653333333333333
2022-11-03,600489,7.58,7.68,7.71,7.55,259520,197960709.0,2.08,0.0,0.0,0.59,7.646666666666666
2022-11-04,600489,7.68,7.7,7.74,7.62,262220,201499779.0,1.56,0.26,0.02,0.6,7.6866666666666665
2022-11-07,600489,7.85,7.78,7.9,7.77,389072,304666519.0,1.69,1.04,0.08,0.89,7.816666666666666
2022-11-08,600489,7.78,7.9,8.05,7.75,522412,415537460.0,3.86,1.54,0.12,1.2,7.900000000000001
2022-11-09,600489,8.15,8.04,8.25,8.0,772964,629899965.0,3.16,1.77,0.14,1.77,8.096666666666666
2022-11-10,600489,8.0,7.99,8.09,7.91,303313,242283112.0,2.24,-0.62,-0.05,0.7,7.996666666666667
2022-11-11,600489,8.28,8.2,8.49,8.2,782788,652734520.0,3.63,2.63,0.21,1.79,8.296666666666665
2022-11-14,600489,8.3,8.02,8.33,7.93,469077,379382363.0,4.88,-2.2,-0.18,1.08,8.093333333333332
2022-11-15,600489,8.01,7.99,8.07,7.95,291070,232827045.0,1.5,-0.37,-0.03,0.67,8.003333333333332
2022-11-16,600489,8.0,8.02,8.15,7.94,398250,320763047.0,2.63,0.38,0.03,0.91,8.036666666666667
2022-11-17,600489,7.99,7.94,7.99,7.84,241274,190919747.0,1.87,-1.0,-0.08,0.55,7.923333333333333
2022-11-18,600489,7.91,7.83,7.93,7.82,197917,155788304.0,1.39,-1.39,-0.11,0.45,7.859999999999999
2022-11-21,600489,7.78,7.8,7.84,7.73,211076,164179185.0,1.4,-0.38,-0.03,0.48,7.79
2022-11-22,600489,7.81,7.79,7.9,7.77,209552,163933807.0,1.67,-0.13,-0.01,0.48,7.82
2022-11-23,600489,7.8,7.81,7.87,7.76,192493,150478162.0,1.41,0.26,0.02,0.44,7.813333333333333
2022-11-24,600489,7.88,7.91,7.99,7.86,337791,267681050.0,1.66,1.28,0.1,0.77,7.920000000000001
2022-11-25,600489,7.9,8.1,8.23,7.85,510866,413480441.0,4.8,2.4,0.19,1.17,8.06
2022-11-28,600489,8.04,8.1,8.16,7.95,378149,304999954.0,2.59,0.0,0.0,0.87,8.07
2022-11-29,600489,8.0,8.11,8.12,8.0,308107,248803554.0,1.48,0.12,0.01,0.71,8.076666666666666
2022-11-30,600489,8.09,8.07,8.13,8.04,219290,177044305.0,1.11,-0.49,-0.04,0.5,8.08
2022-12-01,600489,8.2,8.19,8.25,8.12,413785,338533489.0,1.61,1.49,0.12,0.95,8.186666666666666
2022-12-02,600489,8.3,8.09,8.32,8.03,471396,384161735.0,3.54,-1.22,-0.1,1.08,8.146666666666667
2022-12-05,600489,8.09,8.16,8.22,8.07,405056,330377473.0,1.85,0.87,0.07,0.93,8.15
2022-12-06,600489,8.07,8.11,8.12,8.02,262883,212342153.0,1.23,-0.61,-0.05,0.6,8.083333333333334
2022-12-07,600489,8.08,8.05,8.12,8.01,264423,213254778.0,1.36,-0.74,-0.06,0.61,8.06
2022-12-08,600489,8.06,8.11,8.14,8.06,265121,214971388.0,0.99,0.75,0.06,0.61,8.103333333333333
2022-12-09,600489,8.14,8.24,8.24,8.05,569339,464389293.0,2.34,1.6,0.13,1.31,8.176666666666668
2022-12-12,600489,8.15,7.87,8.19,7.83,528179,419564433.0,4.37,-4.49,-0.37,1.21,7.963333333333334
2022-12-13,600489,7.84,7.96,7.97,7.83,264042,208728410.0,1.78,1.14,0.09,0.61,7.920000000000001
2022-12-14,600489,8.01,8.02,8.09,7.98,294552,236941426.0,1.38,0.75,0.06,0.68,8.03
2022-12-15,600489,8.0,7.83,8.0,7.78,256501,201367081.0,2.74,-2.37,-0.19,0.59,7.87
2022-12-16,600489,7.77,7.8,7.83,7.74,168536,131038148.0,1.15,-0.38,-0.03,0.39,7.79
2022-12-19,600489,7.82,7.73,7.87,7.69,209514,162993562.0,2.31,-0.9,-0.07,0.48,7.763333333333333
2022-12-20,600489,7.7,7.68,7.76,7.62,144091,110719327.0,1.81,-0.65,-0.05,0.33,7.6866666666666665
2022-12-21,600489,7.86,7.77,7.91,7.7,218702,170888735.0,2.73,1.17,0.09,0.5,7.793333333333333
2022-12-22,600489,7.77,7.64,7.81,7.61,182034,140320822.0,2.57,-1.67,-0.13,0.42,7.6866666666666665
2022-12-23,600489,7.55,7.59,7.67,7.52,162620,123295465.0,1.96,-0.65,-0.05,0.37,7.593333333333334
2022-12-26,600489,7.56,7.61,7.64,7.56,114528,87155158.0,1.05,0.26,0.02,0.26,7.603333333333333
2022-12-27,600489,7.65,7.73,7.76,7.62,146025,112520085.0,1.84,1.58,0.12,0.33,7.703333333333333
2022-12-28,600489,7.72,7.85,7.88,7.71,285285,223456349.0,2.2,1.55,0.12,0.65,7.813333333333333
2022-12-29,600489,7.79,8.05,8.1,7.79,402104,322011390.0,3.95,2.55,0.2,0.92,7.98
2022-12-30,600489,8.07,8.19,8.33,8.06,424602,348691832.0,3.35,1.74,0.14,0.97,8.193333333333333
2023-01-03,600489,8.2,8.41,8.45,8.13,491306,409474103.0,3.91,2.69,0.22,1.13,8.33
2023-01-04,600489,8.4,8.34,8.48,8.3,407994,342169976.0,2.14,-0.83,-0.07,0.94,8.373333333333333
2023-01-05,600489,8.39,8.24,8.49,8.22,387972,322736598.0,3.24,-1.2,-0.1,0.89,8.316666666666668
2023-01-06,600489,8.21,8.22,8.37,8.2,273187,225899431.0,2.06,-0.24,-0.02,0.63,8.263333333333334
2023-01-09,600489,8.37,8.41,8.5,8.35,538763,454216465.0,1.82,2.31,0.19,1.23,8.42
2023-01-10,600489,8.42,8.64,8.68,8.38,609260,523511382.0,3.57,2.73,0.23,1.4,8.566666666666668
2023-01-11,600489,8.61,8.55,8.77,8.5,393314,337961094.0,3.13,-1.04,-0.09,0.9,8.606666666666667
2023-01-12,600489,8.56,8.49,8.61,8.47,194959,166180323.0,1.64,-0.7,-0.06,0.45,8.523333333333333
2023-01-13,600489,8.66,8.58,8.68,8.52,232932,199785943.0,1.88,1.06,0.09,0.53,8.593333333333334
2023-01-16,600489,8.68,8.57,8.77,8.55,419328,362632153.0,2.56,-0.12,-0.01,0.96,8.63
2023-01-17,600489,8.55,8.49,8.57,8.39,254776,216008392.0,2.1,-0.93,-0.08,0.58,8.483333333333334
2023-01-18,600489,8.45,8.51,8.53,8.44,211397,179489184.0,1.06,0.24,0.02,0.48,8.493333333333332
2023-01-19,600489,8.45,8.47,8.54,8.4,254844,215586407.0,1.65,-0.47,-0.04,0.58,8.469999999999999
2023-01-20,600489,8.56,8.7,8.76,8.53,387956,336639704.0,2.72,2.72,0.23,0.89,8.663333333333332
2023-01-30,600489,8.7,8.66,8.78,8.55,411859,357318663.0,2.64,-0.46,-0.04,0.94,8.663333333333332
2023-01-31,600489,8.62,8.64,8.77,8.6,338380,293696530.0,1.96,-0.23,-0.02,0.78,8.67
2023-02-01,600489,8.66,8.86,9.04,8.66,638511,568221474.0,4.4,2.55,0.22,1.46,8.853333333333333
2023-02-02,600489,8.97,8.97,9.04,8.85,606336,543690588.0,2.14,1.24,0.11,1.39,8.953333333333333
2023-02-03,600489,8.9,8.8,8.9,8.66,437247,382583260.0,2.68,-1.9,-0.17,1.0,8.786666666666667
2023-02-06,600489,8.59,8.57,8.59,8.41,491265,417190358.0,2.05,-2.61,-0.23,1.13,8.523333333333333
2023-02-07,600489,8.57,8.62,8.64,8.53,252082,216434011.0,1.28,0.58,0.05,0.58,8.596666666666666
2023-02-08,600489,8.64,8.49,8.67,8.48,271428,232413902.0,2.2,-1.51,-0.13,0.62,8.546666666666667
2023-02-09,600489,8.47,8.54,8.56,8.44,197941,168639533.0,1.41,0.59,0.05,0.45,8.513333333333334
2023-02-10,600489,8.49,8.39,8.49,8.33,332618,279372146.0,1.87,-1.76,-0.15,0.76,8.403333333333334
2023-02-13,600489,8.37,8.46,8.51,8.35,257025,216686061.0,1.91,0.83,0.07,0.59,8.44
2023-02-14,600489,8.46,8.57,8.58,8.44,343200,293057616.0,1.65,1.3,0.11,0.79,8.53
2023-02-15,600489,8.55,8.49,8.64,8.47,276577,235890364.0,1.98,-0.93,-0.08,0.63,8.533333333333333
2023-02-16,600489,8.42,8.33,8.5,8.26,262657,220625453.0,2.83,-1.88,-0.16,0.6,8.363333333333332
2023-02-17,600489,8.33,8.4,8.47,8.31,266584,224161791.0,1.92,0.84,0.07,0.61,8.393333333333333
2023-02-20,600489,8.46,8.58,8.59,8.36,373146,317987453.0,2.74,2.14,0.18,0.86,8.51
2023-02-21,600489,8.59,8.71,8.73,8.56,401395,348825117.0,1.98,1.52,0.13,0.92,8.666666666666666
2023-02-22,600489,8.64,8.83,8.97,8.63,791481,700915736.0,3.9,1.38,0.12,1.81,8.81
2023-02-23,600489,8.82,8.77,8.87,8.72,292503,257372680.0,1.7,-0.68,-0.06,0.67,8.786666666666667
2023-02-24,600489,8.78,8.73,8.79,8.68,230021,200486018.0,1.25,-0.46,-0.04,0.53,8.733333333333333
2023-02-27,600489,8.69,8.7,8.8,8.62,260708,227064688.0,2.06,-0.34,-0.03,0.6,8.706666666666667
2023-02-28,600489,8.73,8.71,8.77,8.66,178743,155594978.0,1.26,0.11,0.01,0.41,8.713333333333333
2023-03-01,600489,8.72,8.71,8.82,8.7,539817,471941965.0,1.38,0.0,0.0,1.24,8.743333333333334
2023-03-02,600489,8.7,8.7,8.75,8.68,203708,177383727.0,0.8,-0.11,-0.01,0.47,8.709999999999999
2023-03-03,600489,8.74,8.76,8.77,8.67,243226,212315556.0,1.15,0.69,0.06,0.56,8.733333333333333
2023-03-06,600489,8.81,9.02,9.06,8.77,609815,545859688.0,3.31,2.97,0.26,1.4,8.95
2023-03-07,600489,8.97,9.38,9.57,8.95,1128512,1054765381.0,6.87,3.99,0.36,2.59,9.299999999999999
2023-03-08,600489,9.12,9.14,9.23,9.0,723234,660046839.0,2.45,-2.56,-0.24,1.66,9.123333333333333
2023-03-09,600489,9.13,9.04,9.19,8.95,402157,364297624.0,2.63,-1.09,-0.1,0.92,9.06
2023-03-10,600489,9.19,9.3,9.47,9.12,718723,667022227.0,3.87,2.88,0.26,1.65,9.296666666666667
2023-03-13,600489,9.55,9.7,9.75,9.48,1122656,1081694544.0,2.9,4.3,0.4,2.57,9.643333333333333
2023-03-14,600489,9.97,9.84,10.25,9.82,1427902,1427997280.0,4.43,1.44,0.14,3.27,9.97
2023-03-15,600489,9.77,9.8,10.0,9.61,920549,902826578.0,3.96,-0.41,-0.04,2.11,9.803333333333333
2023-03-16,600489,9.88,9.79,10.02,9.76,919388,908484972.0,2.65,-0.1,-0.01,2.11,9.856666666666667
2023-03-17,600489,9.63,9.76,9.83,9.59,779756,755881166.0,2.45,-0.31,-0.03,1.79,9.726666666666667
2023-03-20,600489,10.05,10.21,10.27,9.89,1881835,1897642630.0,3.89,4.61,0.45,4.31,10.123333333333333
2023-03-21,600489,10.01,9.98,10.1,9.88,937039,935335034.0,2.15,-2.25,-0.23,2.15,9.986666666666666
2023-03-22,600489,9.77,9.91,9.94,9.68,695324,682349098.0,2.61,-0.7,-0.07,1.59,9.843333333333332
2023-03-23,600489,9.98,10.12,10.2,9.94,795419,801128803.0,2.62,2.12,0.21,1.82,10.086666666666666
2023-03-24,600489,10.17,10.04,10.23,10.0,601624,607460800.0,2.27,-0.79,-0.08,1.38,10.09
2023-03-27,600489,9.92,10.11,10.16,9.78,634880,633947243.0,3.78,0.7,0.07,1.46,10.016666666666666
2023-03-28,600489,10.01,9.85,10.08,9.75,524749,518842184.0,3.26,-2.57,-0.26,1.2,9.893333333333333
2023-03-29,600489,9.95,9.8,9.96,9.76,331310,326620166.0,2.03,-0.51,-0.05,0.76,9.84
2023-03-30,600489,9.77,9.81,9.84,9.65,381173,371668797.0,1.94,0.1,0.01,0.87,9.766666666666667
2023-03-31,600489,9.91,10.53,10.69,9.9,1317775,1362836298.0,8.05,7.34,0.72,3.02,10.373333333333333
2023-04-03,600489,10.38,10.21,10.43,10.16,690439,708776040.0,2.56,-3.04,-0.32,1.58,10.266666666666667
2023-04-04,600489,10.35,10.89,10.95,10.33,959418,1027413868.0,6.07,6.66,0.68,2.2,10.723333333333334
2023-04-06,600489,11.2,11.38,11.57,11.08,1398071,1589626548.0,4.5,4.5,0.49,3.2,11.343333333333334
2023-04-07,600489,11.18,11.44,11.68,11.18,871120,993364936.0,4.39,0.53,0.06,2.0,11.433333333333332
2023-04-10,600489,11.4,11.4,11.62,11.18,716722,817813613.0,3.85,-0.35,-0.04,1.64,11.399999999999999
2023-04-11,600489,11.32,12.0,12.05,11.2,1154384,1348510838.0,7.46,5.26,0.6,2.65,11.75
2023-04-12,600489,12.02,12.24,12.51,11.86,1202038,1467940663.0,5.42,2.0,0.24,2.76,12.203333333333333
2023-04-13,600489,12.23,12.07,12.44,11.81,1164876,1410449105.0,5.15,-1.39,-0.17,2.67,12.106666666666667
2023-04-14,600489,12.33,12.26,12.5,12.13,946830,1168277891.0,3.07,1.57,0.19,2.17,12.296666666666667
2023-04-17,600489,11.72,12.04,12.16,11.65,1159511,1388172117.0,4.16,-1.79,-0.22,2.66,11.950000000000001
2023-04-18,600489,11.95,11.97,12.13,11.82,605271,724227317.0,2.57,-0.58,-0.07,1.39,11.973333333333334
2023-04-19,600489,11.97,11.79,12.12,11.75,630996,749406912.0,3.09,-1.5,-0.18,1.45,11.886666666666665
2023-04-20,600489,11.7,11.67,11.86,11.4,987480,1144498910.0,3.9,-1.02,-0.12,2.26,11.643333333333333
2023-04-21,600489,11.72,11.5,11.77,11.46,601263,699831200.0,2.66,-1.46,-0.17,1.38,11.576666666666668
2023-04-24,600489,11.43,11.25,11.56,11.18,662142,749885410.0,3.3,-2.17,-0.25,1.52,11.33
2023-04-25,600489,11.47,11.73,11.77,11.41,930901,1085579712.0,3.2,4.27,0.48,2.13,11.636666666666665
2023-04-26,600489,11.64,11.61,11.83,11.39,699226,809569668.0,3.75,-1.02,-0.12,1.6,11.61
2023-04-27,600489,11.36,11.93,12.08,11.26,995692,1174314214.0,7.06,2.76,0.32,2.28,11.756666666666666
2023-04-28,600489,11.71,11.92,12.02,11.61,734411,872402701.0,3.44,-0.08,-0.01,1.68,11.85
2023-05-04,600489,12.6,12.42,12.72,12.31,1019691,1273393471.0,3.44,4.19,0.5,2.34,12.483333333333334
2023-05-05,600489,12.52,12.21,12.77,12.11,661014,816687399.0,5.31,-1.69,-0.21,1.52,12.363333333333335
2023-05-08,600489,11.96,12.2,12.22,11.68,668678,804560360.0,4.42,-0.08,-0.01,1.53,12.033333333333331
2023-05-09,600489,12.17,11.88,12.2,11.85,535424,643671171.0,2.87,-2.62,-0.32,1.23,11.976666666666667
2023-05-10,600489,12.09,11.89,12.37,11.76,647303,778212292.0,5.13,0.08,0.01,1.48,12.006666666666666
2023-05-11,600489,11.91,11.65,12.12,11.5,664225,778722308.0,5.21,-2.02,-0.24,1.37,11.756666666666666
2023-05-12,600489,11.45,11.07,11.49,11.03,1047536,1173422568.0,3.95,-4.98,-0.58,2.16,11.196666666666667
2023-05-15,600489,11.13,11.07,11.18,10.86,629796,693079444.0,2.89,0.0,0.0,1.3,11.036666666666667
2023-05-16,600489,11.11,10.9,11.15,10.84,387520,425151402.0,2.8,-1.54,-0.17,0.8,10.963333333333333
2023-05-17,600489,10.69,10.77,10.88,10.63,515158,553467093.0,2.29,-1.19,-0.13,1.06,10.76
2023-05-18,600489,10.77,10.83,10.92,10.71,582523,629702585.0,1.95,0.56,0.06,1.2,10.82
2023-05-19,600489,10.68,10.78,10.81,10.48,572007,609756732.0,3.05,-0.46,-0.05,1.18,10.69
2023-05-22,600489,10.85,10.78,10.89,10.69,394874,424915858.0,1.86,0.0,0.0,0.81,10.786666666666667
2023-05-23,600489,10.7,10.41,10.72,10.4,644042,675265958.0,2.97,-3.43,-0.37,1.33,10.51
2023-05-24,600489,10.56,10.39,10.58,10.34,491265,514142006.0,2.31,-0.19,-0.02,1.01,10.436666666666667
2023-05-25,600489,10.22,10.26,10.29,10.14,463015,473326336.0,1.44,-1.25,-0.13,0.96,10.229999999999999
2023-05-26,600489,10.1,10.43,10.53,10.09,472209,488040897.0,4.29,1.66,0.17,0.97,10.35
2023-05-29,600489,10.36,10.49,10.51,10.33,320138,334006815.0,1.73,0.58,0.06,0.66,10.443333333333333
2023-05-30,600489,10.41,10.62,10.69,10.4,374210,395159671.0,2.76,1.24,0.13,0.77,10.57
2023-05-31,600489,10.9,11.23,11.23,10.9,944612,1043743324.0,3.11,5.74,0.61,1.95,11.12
2023-06-01,600489,11.07,11.15,11.41,10.98,798580,891976225.0,3.83,-0.71,-0.08,1.65,11.18
2023-06-02,600489,11.28,11.53,11.8,11.28,791883,914266723.0,4.66,3.41,0.38,1.63,11.536666666666667
2023-06-05,600489,11.27,11.04,11.31,11.03,447954,499842826.0,2.43,-4.25,-0.49,0.92,11.126666666666665
2023-06-06,600489,11.15,11.13,11.38,11.09,504275,567341447.0,2.63,0.82,0.09,1.04,11.200000000000001
2023-06-07,600489,11.2,11.1,11.24,11.04,224478,249442594.0,1.8,-0.27,-0.03,0.46,11.126666666666667
2023-06-08,600489,10.91,10.96,11.04,10.7,438871,477305664.0,3.06,-1.26,-0.14,0.91,10.9
2023-06-09,600489,11.11,11.2,11.28,10.91,396272,440918819.0,3.38,2.19,0.24,0.82,11.13
2023-06-12,600489,11.11,10.98,11.13,10.86,321880,352755012.0,2.41,-1.96,-0.22,0.66,10.99
2023-06-13,600489,10.95,10.91,10.95,10.79,254331,276241198.0,1.46,-0.64,-0.07,0.52,10.883333333333333
2023-06-14,600489,10.79,10.76,10.85,10.61,429532,459880194.0,2.2,-1.37,-0.15,0.89,10.74
2023-06-15,600489,10.55,10.37,10.55,10.15,810384,837237593.0,3.72,-3.62,-0.39,1.67,10.356666666666667
2023-06-16,600489,10.43,10.49,10.56,10.4,411607,430981702.0,1.54,1.16,0.12,0.85,10.483333333333334
2023-06-19,600489,10.46,10.35,10.46,10.12,489302,501715940.0,3.24,-1.33,-0.14,1.01,10.31
2023-06-20,600489,10.26,10.36,10.43,10.18,410216,423153326.0,2.42,0.1,0.01,0.85,10.323333333333332
2023-06-21,600489,10.26,10.05,10.29,10.02,425813,430709854.0,2.61,-2.99,-0.31,0.88,10.12
2023-06-26,600489,9.95,10.19,10.35,9.89,588700,601710492.0,4.58,1.39,0.14,1.21,10.143333333333333
2023-06-27,600489,10.11,10.51,10.6,10.07,542458,565166233.0,5.2,3.14,0.32,1.12,10.393333333333333
2023-06-28,600489,10.42,10.35,10.48,10.29,285006,295384397.0,1.81,-1.52,-0.16,0.59,10.373333333333333
2023-06-29,600489,10.3,10.44,10.48,10.21,336889,350965651.0,2.61,0.87,0.09,0.7,10.376666666666667
2023-06-30,600489,10.46,10.33,10.5,10.32,308021,320286095.0,1.72,-1.05,-0.11,0.64,10.383333333333333
2023-07-03,600489,10.4,10.62,10.72,10.36,380568,402265011.0,3.48,2.81,0.29,0.79,10.566666666666665
2023-07-04,600489,10.71,10.51,10.72,10.41,271114,284025649.0,2.92,-1.04,-0.11,0.56,10.546666666666667
2023-07-05,600489,10.49,10.72,10.74,10.44,398886,425297056.0,2.85,2.0,0.21,0.82,10.633333333333333
2023-07-06,600489,10.62,10.65,10.7,10.49,259952,275807648.0,1.96,-0.65,-0.07,0.54,10.613333333333332
2023-07-07,600489,10.52,10.54,10.6,10.3,260940,273294222.0,2.82,-1.03,-0.11,0.54,10.479999999999999
2023-07-10,600489,10.68,10.64,10.81,10.6,277877,297028322.0,1.99,0.95,0.1,0.57,10.683333333333332
2023-07-11,600489,10.7,10.86,10.89,10.58,294132,317475618.0,2.91,2.07,0.22,0.61,10.776666666666666
2023-07-12,600489,10.81,10.98,11.09,10.8,454940,499879904.0,2.67,1.1,0.12,0.94,10.956666666666669
2023-07-13,600489,11.31,11.07,11.39,11.02,677728,759176184.0,3.37,0.82,0.09,1.4,11.160000000000002
2023-07-14,600489,10.88,10.7,10.99,10.67,418304,452774618.0,2.89,-3.34,-0.37,0.86,10.786666666666667
2023-07-17,600489,10.7,10.83,10.9,10.46,375695,403819760.0,4.11,1.21,0.13,0.78,10.729999999999999
2023-07-18,600489,10.76,10.9,11.07,10.76,352056,385218724.0,2.86,0.65,0.07,0.73,10.909999999999998
2023-07-19,600489,11.08,11.24,11.33,10.96,598524,668365177.0,3.39,3.12,0.34,1.23,11.176666666666668
2023-07-20,600489,11.2,11.11,11.36,11.06,505016,566833005.0,2.67,-1.16,-0.13,1.04,11.176666666666668
2023-07-21,600489,11.01,11.13,11.23,10.95,324730,360768050.0,2.52,0.18,0.02,0.67,11.103333333333333
2023-07-24,600489,11.08,10.96,11.18,10.88,364857,401173333.0,2.7,-1.53,-0.17,0.75,11.006666666666668
2023-07-25,600489,10.95,10.91,11.05,10.76,515141,560082851.0,2.65,-0.46,-0.05,1.06,10.906666666666666
2023-07-26,600489,10.93,11.04,11.11,10.86,439836,482332653.0,2.29,1.19,0.13,0.91,11.003333333333332
2023-07-27,600489,11.0,10.93,11.18,10.88,344825,379503747.0,2.72,-1.0,-0.11,0.71,10.996666666666668
2023-07-28,600489,10.73,10.62,10.74,10.57,681496,724619743.0,1.56,-2.84,-0.31,1.41,10.643333333333333
2023-07-31,600489,10.68,10.64,10.83,10.6,495177,529583398.0,2.17,0.19,0.02,1.02,10.69
2023-08-01,600489,10.74,10.84,10.98,10.7,483823,525327177.0,2.63,1.88,0.2,1.0,10.839999999999998
2023-08-02,600489,10.74,10.67,10.75,10.6,318660,339246397.0,1.38,-1.57,-0.17,0.66,10.673333333333334
2023-08-03,600489,10.54,10.56,10.62,10.51,268612,283622063.0,1.03,-1.03,-0.11,0.55,10.563333333333333
2023-08-04,600489,10.59,10.62,10.69,10.55,298135,316721349.0,1.33,0.57,0.06,0.62,10.62
2023-08-07,600489,10.63,10.77,10.79,10.58,320877,343991789.0,1.98,1.41,0.15,0.66,10.713333333333333
2023-08-08,600489,10.7,11.0,11.08,10.64,464254,507456459.0,4.09,2.14,0.23,0.96,10.906666666666666
2023-08-09,600489,10.9,10.93,11.23,10.89,357039,393583946.0,3.09,-0.64,-0.07,0.74,11.016666666666666
2023-08-10,600489,10.86,10.83,10.94,10.77,197928,214184103.0,1.56,-0.91,-0.1,0.41,10.846666666666666
2023-08-11,600489,10.84,10.65,10.89,10.62,253724,272268651.0,2.49,-1.66,-0.18,0.52,10.719999999999999
2023-08-14,600489,10.6,10.7,10.8,10.59,268032,286722798.0,1.97,0.47,0.05,0.55,10.696666666666667
2023-08-15,600489,10.63,10.58,10.7,10.43,262630,277778561.0,2.52,-1.12,-0.12,0.54,10.57
2023-08-16,600489,10.6,10.37,10.61,10.27,315962,328322752.0,3.21,-1.98,-0.21,0.65,10.416666666666666
2023-08-17,600489,10.3,10.47,10.5,10.13,245725,253787416.0,3.57,0.96,0.1,0.51,10.366666666666667
2023-08-18,600489,10.41,10.23,10.51,10.23,218537,226268482.0,2.67,-2.29,-0.24,0.45,10.323333333333334
2023-08-21,600489,10.25,10.22,10.36,10.19,198916,204312083.0,1.66,-0.1,-0.01,0.41,10.256666666666666
2023-08-22,600489,10.25,10.54,10.57,10.25,334054,349362202.0,3.13,3.13,0.32,0.69,10.453333333333333
2023-08-23,600489,10.56,10.55,10.69,10.5,237834,251681075.0,1.8,0.09,0.01,0.49,10.58
2023-08-24,600489,10.78,11.08,11.13,10.68,857634,940769743.0,4.27,5.02,0.53,1.77,10.963333333333333
2023-08-25,600489,11.03,10.88,11.04,10.82,416614,454838480.0,1.99,-1.81,-0.2,0.86,10.913333333333334
2023-08-28,600489,11.16,10.8,11.2,10.62,592915,639809763.0,5.33,-0.74,-0.08,1.22,10.873333333333335
2023-08-29,600489,10.86,10.9,10.97,10.69,457703,498294210.0,2.59,0.93,0.1,0.94,10.853333333333333
2023-08-30,600489,11.09,11.0,11.18,10.96,437104,482917780.0,2.02,0.92,0.1,0.9,11.046666666666667
2023-08-31,600489,11.07,11.12,11.29,11.06,486550,543738839.0,2.09,1.09,0.12,1.0,11.156666666666666
2023-09-01,600489,11.05,11.15,11.16,11.01,300955,333717495.0,1.35,0.27,0.03,0.62,11.106666666666667
2023-09-04,600489,11.13,11.23,11.35,11.09,478694,538208681.0,2.33,0.72,0.08,0.99,11.223333333333334
2023-09-05,600489,11.13,11.23,11.25,11.09,282385,315583043.0,1.42,0.0,0.0,0.58,11.19
2023-09-06,600489,11.12,11.0,11.19,10.99,299882,331952850.0,1.78,-2.05,-0.23,0.62,11.06
2023-09-07,600489,10.94,10.95,11.08,10.9,289648,318395639.0,1.64,-0.45,-0.05,0.6,10.976666666666667
2023-09-08,600489,11.12,11.1,11.29,11.03,382456,426543415.0,2.37,1.37,0.15,0.79,11.14
2023-09-11,600489,11.08,11.35,11.46,11.05,672533,760590025.0,3.69,2.25,0.25,1.39,11.286666666666667
2023-09-12,600489,11.28,11.21,11.43,11.19,324926,366840895.0,2.11,-1.23,-0.14,0.67,11.276666666666666
2023-09-13,600489,11.19,11.21,11.27,11.11,277000,310033714.0,1.43,0.0,0.0,0.57,11.196666666666667
2023-09-14,600489,11.27,11.67,11.72,11.27,928726,1076448773.0,4.01,4.1,0.46,1.92,11.553333333333335
2023-09-15,600489,11.76,11.61,11.9,11.49,988051,1154130289.0,3.51,-0.51,-0.06,2.04,11.666666666666666
2023-09-18,600489,11.58,11.43,11.63,11.35,559726,639894621.0,2.41,-1.55,-0.18,1.15,11.469999999999999
2023-09-19,600489,11.46,11.49,11.6,11.39,365055,419610433.0,1.84,0.52,0.06,0.75,11.493333333333334
2023-09-20,600489,11.5,11.54,11.59,11.38,366507,421864502.0,1.83,0.44,0.05,0.76,11.503333333333332
2023-09-21,600489,11.44,11.33,11.55,11.3,374645,426232792.0,2.17,-1.82,-0.21,0.77,11.393333333333333
2023-09-22,600489,11.32,11.28,11.38,11.14,381700,428789325.0,2.12,-0.44,-0.05,0.79,11.266666666666667
2023-09-25,600489,11.22,11.31,11.45,11.2,304819,346024429.0,2.22,0.27,0.03,0.63,11.32
2023-09-26,600489,11.25,11.24,11.36,11.19,241029,271651039.0,1.5,-0.62,-0.07,0.5,11.263333333333334
2023-09-27,600489,11.18,11.07,11.26,10.96,388371,430441675.0,2.67,-1.51,-0.17,0.8,11.096666666666666
2023-09-28,600489,10.84,10.94,11.0,10.76,352414,384339336.0,2.17,-1.17,-0.13,0.73,10.899999999999999
2023-10-09,600489,10.79,11.05,11.1,10.66,527026,574517263.0,4.02,1.01,0.11,1.09,10.936666666666667
2023-10-10,600489,11.07,11.14,11.22,10.98,463753,515463427.0,2.17,0.81,0.09,0.96,11.113333333333335
2023-10-11,600489,11.17,10.79,11.21,10.69,576408,626168422.0,4.67,-3.14,-0.35,1.19,10.896666666666667
2023-10-12,600489,10.84,10.98,11.03,10.84,328646,360125447.0,1.76,1.76,0.19,0.68,10.949999999999998
2023-10-13,600489,10.88,10.91,10.99,10.78,246641,268016352.0,1.91,-0.64,-0.07,0.51,10.893333333333333
2023-10-16,600489,11.25,11.09,11.3,11.05,532847,594593890.0,2.29,1.65,0.18,1.1,11.146666666666667
2023-10-17,600489,11.08,11.1,11.12,10.87,336627,370009100.0,2.25,0.09,0.01,0.69,11.03
2023-10-18,600489,11.17,11.02,11.3,11.02,383063,426918621.0,2.52,-0.72,-0.08,0.79,11.113333333333335
2023-10-19,600489,11.09,10.97,11.12,10.87,357551,392729341.0,2.27,-0.45,-0.05,0.74,10.986666666666666
2023-10-20,600489,11.06,10.91,11.24,10.88,497072,548439284.0,3.28,-0.55,-0.06,1.03,11.01
2023-10-23,600489,10.71,10.74,10.86,10.62,464527,498683172.0,2.2,-1.56,-0.17,0.96,10.74
2023-10-24,600489,10.68,10.78,10.87,10.68,276155,297894215.0,1.77,0.37,0.04,0.57,10.776666666666666
2023-10-25,600489,10.77,10.75,10.9,10.68,292890,315678469.0,2.04,-0.28,-0.03,0.6,10.776666666666666
2023-10-26,600489,10.75,11.12,11.15,10.7,482457,530882604.0,4.19,3.44,0.37,1.0,10.99
2023-10-27,600489,11.05,11.15,11.29,11.0,355237,396330040.0,2.61,0.27,0.03,0.73,11.146666666666667
2023-10-30,600489,11.3,10.9,11.36,10.87,571325,632203634.0,4.39,-2.24,-0.25,1.18,11.043333333333331
2023-10-31,600489,10.85,10.95,11.03,10.82,399221,436141676.0,1.93,0.46,0.05,0.82,10.933333333333332
2023-11-01,600489,10.86,10.85,10.93,10.8,265162,288005176.0,1.19,-0.91,-0.1,0.55,10.86
2023-11-02,600489,10.86,10.68,10.89,10.66,246575,265183583.0,2.12,-1.57,-0.17,0.51,10.743333333333334
2023-11-03,600489,10.64,10.54,10.67,10.5,427369,451211179.0,1.59,-1.31,-0.14,0.88,10.57
2023-11-06,600489,10.56,10.39,10.61,10.32,516105,536987041.0,2.75,-1.42,-0.15,1.06,10.44
2023-11-07,600489,10.3,10.36,10.38,10.15,533086,546937032.0,2.21,-0.29,-0.03,1.1,10.296666666666667
2023-11-08,600489,10.29,10.31,10.35,10.22,338728,348128515.0,1.25,-0.48,-0.05,0.7,10.293333333333335
2023-11-09,600489,10.24,10.24,10.31,10.21,274642,281528645.0,0.97,-0.68,-0.07,0.57,10.253333333333336
2023-11-10,600489,10.23,10.39,10.43,10.19,361616,373123917.0,2.34,1.46,0.15,0.75,10.336666666666666
2023-11-13,600489,10.27,10.41,10.41,10.15,384249,394495385.0,2.5,0.19,0.02,0.79,10.323333333333334
2023-11-14,600489,10.35,10.3,10.42,10.28,352911,364520919.0,1.34,-1.06,-0.11,0.73,10.333333333333334
2023-11-15,600489,10.41,10.42,10.55,10.33,471411,491532816.0,2.14,1.17,0.12,0.97,10.433333333333335
2023-11-16,600489,10.35,10.34,10.38,10.27,226356,233492833.0,1.06,-0.77,-0.08,0.47,10.33
2023-11-17,600489,10.5,10.56,10.6,10.36,550471,578186578.0,2.32,2.13,0.22,1.14,10.506666666666668
2023-11-20,600489,10.48,10.48,10.55,10.41,281980,295377813.0,1.33,-0.76,-0.08,0.58,10.48
2023-11-21,600489,10.48,10.5,10.59,10.47,240279,253205202.0,1.15,0.19,0.02,0.5,10.520000000000001
2023-11-22,600489,10.51,10.37,10.59,10.37,273802,286145099.0,2.1,-1.24,-0.13,0.56,10.443333333333333
2023-11-23,600489,10.29,10.32,10.35,10.25,248264,255633230.0,0.96,-0.48,-0.05,0.51,10.306666666666667
2023-11-24,600489,10.31,10.21,10.34,10.18,248600,254709908.0,1.55,-1.07,-0.11,0.51,10.243333333333334
2023-11-27,600489,10.39,10.59,10.6,10.32,619334,651185849.0,2.74,3.72,0.38,1.28,10.503333333333334
2023-11-28,600489,10.59,10.58,10.67,10.43,421765,446204858.0,2.27,-0.09,-0.01,0.87,10.56
2023-11-29,600489,10.85,10.87,10.92,10.73,584984,634734546.0,1.8,2.74,0.29,1.21,10.839999999999998
2023-11-30,600489,10.85,10.77,10.88,10.72,289226,312031265.0,1.47,-0.92,-0.1,0.6,10.790000000000001
2023-12-01,600489,10.78,10.69,10.79,10.65,313776,335681583.0,1.3,-0.74,-0.08,0.65,10.709999999999999
2023-12-04,600489,11.05,10.92,11.1,10.9,611290,673323540.0,1.87,2.15,0.23,1.26,10.973333333333334
2023-12-05,600489,10.71,10.59,10.75,10.5,383920,409558973.0,2.29,-3.02,-0.33,0.79,10.613333333333333
2023-12-06,600489,10.52,10.59,10.62,10.37,343724,361526015.0,2.36,0.0,0.0,0.71,10.526666666666666
2023-12-07,600489,10.58,10.67,10.71,10.51,308723,327851664.0,1.89,0.76,0.08,0.64,10.63
2023-12-08,600489,10.69,10.6,10.72,10.54,681903,724763720.0,1.69,-0.66,-0.07,1.41,10.62
2023-12-11,600489,10.46,10.26,10.48,10.14,639527,654001262.0,3.21,-3.21,-0.34,1.32,10.293333333333335
2023-12-12,600489,10.17,10.2,10.21,10.08,391857,397466400.0,1.27,-0.58,-0.06,0.81,10.163333333333332
2023-12-13,600489,10.12,10.05,10.21,10.03,333867,337686175.0,1.76,-1.47,-0.15,0.69,10.096666666666668
2023-12-14,600489,10.3,10.07,10.33,10.06,401220,407614864.0,2.69,0.2,0.02,0.83,10.153333333333334
2023-12-15,600489,10.11,9.91,10.21,9.89,491878,492683549.0,3.18,-1.59,-0.16,1.01,10.003333333333334
2023-12-18,600489,9.81,9.72,9.83,9.69,440381,429845186.0,1.41,-1.92,-0.19,0.91,9.746666666666668
2023-12-19,600489,9.72,9.71,9.74,9.61,281865,272929791.0,1.34,-0.1,-0.01,0.58,9.686666666666667
2023-12-20,600489,9.7,9.81,9.94,9.7,363327,357200800.0,2.47,1.03,0.1,0.75,9.816666666666668
2023-12-21,600489,9.75,9.75,9.79,9.57,358303,346385307.0,2.24,-0.61,-0.06,0.74,9.703333333333333
2023-12-22,600489,9.8,9.74,9.87,9.7,333844,326157789.0,1.74,-0.1,-0.01,0.69,9.770000000000001
2023-12-25,600489,9.71,9.85,9.86,9.7,226524,221777533.0,1.64,1.13,0.11,0.47,9.803333333333333
2023-12-26,600489,9.85,9.95,10.02,9.82,375278,372712516.0,2.03,1.02,0.1,0.77,9.93
2023-12-27,600489,9.94,10.0,10.03,9.87,254048,252735791.0,1.61,0.5,0.05,0.52,9.966666666666667
2023-12-28,600489,10.11,10.03,10.12,9.99,484120,486410418.0,1.3,0.3,0.03,1.0,10.046666666666667
2023-12-29,600489,9.91,9.96,9.98,9.87,377192,374379147.0,1.1,-0.7,-0.07,0.78,9.936666666666667
2024-01-02,600489,9.93,10.13,10.18,9.91,446159,450351367.0,2.71,1.71,0.17,0.92,10.073333333333332
2024-01-03,600489,10.05,10.1,10.15,10.03,195619,197254031.0,1.18,-0.3,-0.03,0.4,10.093333333333334
2024-01-04,600489,10.01,10.07,10.1,9.97,197304,197935354.0,1.29,-0.3,-0.03,0.41,10.046666666666667
2024-01-05,600489,10.05,9.92,10.2,9.89,351151,352287660.0,3.08,-1.49,-0.15,0.72,10.003333333333332
2024-01-08,600489,9.93,9.73,9.95,9.71,254399,249331726.0,2.42,-1.92,-0.19,0.52,9.796666666666667
2024-01-09,600489,9.72,9.61,9.73,9.56,354374,341511375.0,1.75,-1.23,-0.12,0.73,9.633333333333333
2024-01-10,600489,9.58,9.51,9.6,9.48,323727,308546966.0,1.25,-1.04,-0.1,0.67,9.53
2024-01-11,600489,9.45,9.41,9.48,9.37,378181,355970253.0,1.16,-1.05,-0.1,0.78,9.42
2024-01-12,600489,9.4,9.43,9.53,9.38,410890,388560314.0,1.59,0.21,0.02,0.85,9.446666666666667
2024-01-15,600489,9.43,9.49,9.54,9.32,349580,330319644.0,2.33,0.64,0.06,0.72,9.450000000000001
2024-01-16,600489,9.44,9.32,9.48,9.2,385822,359549437.0,2.95,-1.79,-0.17,0.8,9.333333333333334
2024-01-17,600489,9.23,8.94,9.28,8.94,537596,488805433.0,3.65,-4.08,-0.38,1.11,9.053333333333333
2024-01-18,600489,8.83,8.92,8.97,8.62,597915,524612404.0,3.91,-0.22,-0.02,1.23,8.836666666666666
2024-01-19,600489,8.89,9.04,9.08,8.86,356407,321538820.0,2.47,1.35,0.12,0.74,8.993333333333332
2024-01-22,600489,9.04,8.68,9.09,8.61,423603,373744464.0,5.31,-3.98,-0.36,0.87,8.793333333333333
2024-01-23,600489,8.65,8.75,8.81,8.52,425206,367330348.0,3.34,0.81,0.07,0.88,8.693333333333333
2024-01-24,600489,8.74,8.95,8.96,8.68,409787,361872059.0,3.2,2.29,0.2,0.85,8.863333333333333
2024-01-25,600489,8.94,9.33,9.33,8.9,484471,444827202.0,4.8,4.25,0.38,1.0,9.186666666666667
2024-01-26,600489,9.32,9.4,9.45,9.27,364776,341934313.0,1.93,0.75,0.07,0.75,9.373333333333333
2024-01-29,600489,9.45,9.55,9.63,9.45,499119,477463641.0,1.91,1.6,0.15,1.03,9.543333333333333
2024-01-30,600489,9.5,9.52,9.73,9.45,539704,518953218.0,2.93,-0.31,-0.03,1.11,9.566666666666666
2024-01-31,600489,9.53,9.42,9.58,9.35,392667,372174067.0,2.42,-1.05,-0.1,0.81,9.450000000000001
2024-02-01,600489,9.4,9.45,9.58,9.25,380681,359661449.0,3.5,0.32,0.03,0.79,9.426666666666666
2024-02-02,600489,9.54,9.43,9.66,9.18,495704,470743837.0,5.08,-0.21,-0.02,1.02,9.423333333333334
2024-02-05,600489,9.29,9.39,9.53,9.15,560432,522916975.0,4.03,-0.42,-0.04,1.16,9.356666666666667
2024-02-06,600489,9.3,9.58,9.71,9.21,542157,512865894.0,5.32,2.02,0.19,1.12,9.5
2024-02-07,600489,9.6,9.8,9.8,9.47,624326,604496057.0,3.44,2.3,0.22,1.29,9.690000000000001
2024-02-08,600489,9.79,9.77,9.83,9.59,598841,580778345.0,2.45,-0.31,-0.03,1.24,9.73
2024-02-19,600489,9.67,10.0,10.05,9.58,643599,634356541.0,4.81,2.35,0.23,1.33,9.876666666666667
2024-02-20,600489,9.94,10.06,10.1,9.88,364360,364876055.0,2.2,0.6,0.06,0.75,10.013333333333334
2024-02-21,600489,10.01,10.25,10.43,9.99,583216,601448044.0,4.37,1.89,0.19,1.2,10.223333333333334
2024-02-22,600489,10.19,10.47,10.5,10.18,479826,498950628.0,3.12,2.15,0.22,0.99,10.383333333333333
2024-02-23,600489,10.58,10.52,10.72,10.46,477008,504685169.0,2.48,0.48,0.05,0.98,10.566666666666666
2024-02-26,600489,10.63,10.37,10.63,10.36,334951,350014016.0,2.57,-1.43,-0.15,0.69,10.453333333333333
2024-02-27,600489,10.33,10.48,10.54,10.32,283658,296732382.0,2.12,1.06,0.11,0.59,10.446666666666667
2024-02-28,600489,10.39,10.35,10.52,10.35,372286,388254118.0,1.62,-1.24,-0.13,0.77,10.406666666666666
2024-02-29,600489,10.31,10.42,10.44,10.25,367332,379988714.0,1.84,0.68,0.07,0.76,10.37
2024-03-01,600489,10.38,10.88,10.92,10.38,588611,631223214.0,5.18,4.41,0.46,1.21,10.726666666666667
2024-03-04,600489,11.11,11.04,11.25,10.95,613638,678735876.0,2.76,1.47,0.16,1.27,11.079999999999998
2024-03-05,600489,11.2,11.29,11.48,11.15,649623,733602663.0,2.99,2.26,0.25,1.34,11.306666666666667
2024-03-06,600489,11.39,11.48,11.58,11.25,528308,605000162.0,2.92,1.68,0.19,1.09,11.436666666666667
2024-03-07,600489,11.57,11.81,12.08,11.57,745350,884044581.0,4.44,2.87,0.33,1.54,11.82
2024-03-08,600489,11.87,11.74,11.87,11.56,569612,665211948.0,2.62,-0.59,-0.07,1.18,11.723333333333334
2024-03-11,600489,11.93,11.8,12.04,11.69,497047,589171141.0,2.98,0.51,0.06,1.03,11.843333333333334
2024-03-12,600489,11.81,11.44,11.82,11.34,752120,864169324.0,4.07,-3.05,-0.36,1.55,11.533333333333333
2024-03-13,600489,11.3,11.43,11.53,11.24,411573,468676514.0,2.53,-0.09,-0.01,0.85,11.4
2024-03-14,600489,11.58,11.67,11.84,11.58,626431,734708649.0,2.27,2.1,0.24,1.29,11.696666666666667
2024-03-15,600489,11.58,11.98,12.06,11.57,689329,818698445.0,4.2,2.66,0.31,1.42,11.87
2024-03-18,600489,11.88,11.99,12.13,11.84,480077,574434274.0,2.42,0.08,0.01,0.99,11.986666666666666
2024-03-19,600489,11.92,11.87,12.14,11.85,355518,425605618.0,2.42,-1.0,-0.12,0.73,11.953333333333333
2024-03-20,600489,11.86,11.98,12.1,11.8,377629,451633959.0,2.53,0.93,0.11,0.78,11.959999999999999
2024-03-21,600489,12.5,12.32,12.58,12.2,599058,739445247.0,3.17,2.84,0.34,1.24,12.366666666666667
2024-03-22,600489,12.16,12.0,12.26,11.85,547550,657695445.0,3.33,-2.6,-0.32,1.13,12.036666666666667
2024-03-25,600489,12.0,11.99,12.19,11.98,472802,570237562.0,1.75,-0.08,-0.01,0.98,12.053333333333335
2024-03-26,600489,11.97,11.99,12.02,11.81,390667,466406049.0,1.75,0.0,0.0,0.81,11.94
2024-03-27,600489,12.08,12.07,12.22,12.01,398042,482332548.0,1.75,0.67,0.08,0.82,12.1
2024-03-28,600489,12.1,12.36,12.49,12.01,500631,615656485.0,3.98,2.4,0.29,1.03,12.286666666666667
2024-03-29,600489,12.71,13.21,13.34,12.65,1043170,1365408248.0,5.58,6.88,0.85,2.15,13.066666666666668
2024-04-01,600489,13.58,13.4,13.77,13.08,949043,1264728006.0,5.22,1.44,0.19,1.96,13.416666666666666
